Production Line,Approved items,Rejected items,Total items,Work Station,Avg. Fixing time,Avg. Supplying time,Avg. Production Time WS,Avg. Production time PL,Day,Downtime
PL#1, 794, 45, 839, WS#1@PL#1, 0.3380459367088631, 14.048356889180152, 4.001992554104805, 8.846626533381786, 1, 29951.689145868946
PL#1, 794, 45, 839, WS#2@PL#1, 0.3872102302216558, 10.244279628323044, 3.9906581312024296, 8.846626533381786, 1, 3194.699986061005
PL#1, 794, 45, 839, WS#3@PL#1, 0.3524028054875152, 10.61141684629121, 4.039677915860688, 8.846626533381786, 1, 1986.0576316022282
PL#1, 794, 45, 839, WS#4@PL#1, 0.3698986178512497, 12.820824024379219, 3.924267390803648, 8.846626533381786, 1, 1473.0407959326196
PL#1, 794, 45, 839, WS#5@PL#1, 0.31157602086564484, 10.300671304131, 3.990656183015292, 8.846626533381786, 1, 1139.3053638717229
PL#1, 794, 45, 839, WS#6@PL#1, 0.3540151782563871, 10.974382110274428, 4.069895210236979, 8.846626533381786, 1, 951.9392105834977
PL#1, 233, 6, 239, WS#1@PL#1, 0.3190057203906666, 13.451558865395842, 4.01220451299274, 8.834608911111118, 2, 8928.730499987007
PL#1, 233, 6, 239, WS#2@PL#1, 0.3061341229658264, 7.830426465960642, 3.9010515418642817, 8.834608911111118, 2, 785.9152574718421
PL#1, 233, 6, 239, WS#3@PL#1, 0.21300062290610455, 8.889730730638137, 3.9413477515330895, 8.834608911111118, 2, 990.8070069562723
PL#1, 233, 6, 239, WS#4@PL#1, 0.42323173106601075, 14.042842916103194, 3.9834596664937805, 8.834608911111118, 2, 605.9051662717324
PL#1, 233, 6, 239, WS#5@PL#1, 0.2546284615553013, 10.011292352655918, 4.035533550905895, 8.834608911111118, 2, 758.8481320686124
PL#1, 233, 6, 239, WS#6@PL#1, 0.1903415989588634, 17.228994838974412, 4.07240537194653, 8.834608911111118, 2, 606.025323091128
PL#1, 831, 35, 866, WS#1@PL#1, 0.30112043752763507, 11.29447255933131, 4.00644982396065, 8.345072480615869, 3, 22988.734078673497
PL#1, 831, 35, 866, WS#2@PL#1, 0.33446403895480875, 8.938433867578858, 4.02284358045502, 8.345072480615869, 3, 2574.7876082700677
PL#1, 831, 35, 866, WS#3@PL#1, 0.32665162595649955, 8.16973864164157, 4.023754489389592, 8.345072480615869, 3, 1671.5195612987698
PL#1, 831, 35, 866, WS#4@PL#1, 0.3400750119133331, 10.867871691464671, 4.084319384235718, 8.345072480615869, 3, 1538.5057874007205
PL#1, 831, 35, 866, WS#5@PL#1, 0.39557677805132635, 9.645361279647267, 3.9029079709169774, 8.345072480615869, 3, 1131.9159421147767
PL#1, 831, 35, 866, WS#6@PL#1, 0.4120292177209312, 11.836742179479097, 4.011489588494632, 8.345072480615869, 3, 1098.8689817373793
PL#1, 821, 40, 861, WS#1@PL#1, 0.33546474801930865, 14.332223049751626, 3.99675080470144, 8.8937584350148, 4, 30047.583772239777
PL#1, 821, 40, 861, WS#2@PL#1, 0.3499972153342136, 12.08695979825443, 3.94668450871997, 8.8937584350148, 4, 3253.6551117608897
PL#1, 821, 40, 861, WS#3@PL#1, 0.4267353645771092, 11.440419052484716, 3.9830871248038884, 8.8937584350148, 4, 2243.76521196293
PL#1, 821, 40, 861, WS#4@PL#1, 0.34892729489899577, 11.177016518898828, 4.002520995694572, 8.8937584350148, 4, 1240.637490515639
PL#1, 821, 40, 861, WS#5@PL#1, 0.2978676022509083, 15.253484458795704, 3.973934029804625, 8.8937584350148, 4, 1991.5911401087178
PL#1, 821, 40, 861, WS#6@PL#1, 0.35100233088747723, 15.295407889940352, 4.056306163910839, 8.8937584350148, 4, 1137.4762211497857
PL#1, 305, 20, 325, WS#1@PL#1, 0.31208526663300407, 14.67545768027202, 4.003442287862807, 9.148289940249422, 5, 12390.811674039636
PL#1, 305, 20, 325, WS#2@PL#1, 0.33066012329591876, 11.744783689517998, 3.9626619874746, 9.148289940249422, 5, 1934.1044219799624
PL#1, 305, 20, 325, WS#3@PL#1, 0.29515058673137684, 11.626645158292451, 3.9364973522129607, 9.148289940249422, 5, 1405.6138930008528
PL#1, 305, 20, 325, WS#4@PL#1, 0.37339732799917486, 13.4472544497802, 4.083940433752413, 9.148289940249422, 5, 943.7443432551972
PL#1, 305, 20, 325, WS#5@PL#1, 0.17607067121327696, 20.69864276251693, 4.011380401164143, 9.148289940249422, 5, 1851.6657000883179
PL#1, 305, 20, 325, WS#6@PL#1, 0.24563973259063665, 14.260708426571412, 3.947240289543169, 9.148289940249422, 5, 1002.160511509315
PL#1, 812, 35, 847, WS#1@PL#1, 0.3339483736072054, 12.485168175597483, 4.004404157913617, 8.473805767468718, 6, 25255.020225556662
PL#1, 812, 35, 847, WS#2@PL#1, 0.4085122923964482, 8.68271346272967, 4.0502779536612685, 8.473805767468718, 6, 2572.326348077552
PL#1, 812, 35, 847, WS#3@PL#1, 0.3147834713795178, 10.486963925741424, 3.976989420864944, 8.473805767468718, 6, 1960.3335778006701
PL#1, 812, 35, 847, WS#4@PL#1, 0.33406288650921234, 9.514347392643833, 3.9678015343186215, 8.473805767468718, 6, 1615.781632062643
PL#1, 812, 35, 847, WS#5@PL#1, 0.38362416762013674, 10.191886809626737, 4.013001879994857, 8.473805767468718, 6, 1357.2214080669535
PL#1, 812, 35, 847, WS#6@PL#1, 0.4484154636538371, 8.468902455155968, 3.9957753824628197, 8.473805767468718, 6, 767.1337910642294
PL#1, 394, 32, 426, WS#1@PL#1, 0.3167807811755304, 12.759232777801808, 3.995465059347253, 8.806074639566962, 7, 14249.776690889708
PL#1, 394, 32, 426, WS#2@PL#1, 0.24672311810126857, 9.40935894760277, 3.917223271208796, 8.806074639566962, 7, 1591.2761107297383
PL#1, 394, 32, 426, WS#3@PL#1, 0.2906122114272108, 12.716948978847137, 4.022940594524554, 8.806074639566962, 7, 2700.565407266839
PL#1, 394, 32, 426, WS#4@PL#1, 0.1650068456811539, 9.62399826929174, 4.080540076367356, 8.806074639566962, 7, 1169.658988458472
PL#1, 394, 32, 426, WS#5@PL#1, 0.33003068793864093, 11.68047140162459, 3.9413757345203098, 8.806074639566962, 7, 1310.171787641873
PL#1, 394, 32, 426, WS#6@PL#1, 0.5082981713404742, 11.746400375163976, 4.08316075855857, 8.806074639566962, 7, 961.9865879046697
PL#1, 199, 14, 213, WS#1@PL#1, 0.310903330471165, 12.48993729986539, 3.9654575771055023, 8.70021681162027, 8, 6880.166195986571
PL#1, 199, 14, 213, WS#2@PL#1, 0.31486793042694217, 10.088955897676556, 4.1034874453729095, 8.70021681162027, 8, 854.6229892999365
PL#1, 199, 14, 213, WS#3@PL#1, 0.277608550388561, 8.714126005379462, 4.070677203573835, 8.70021681162027, 8, 722.1882463340062
PL#1, 199, 14, 213, WS#4@PL#1, 0.3581988749814626, 13.433053060681608, 4.11743806820648, 8.70021681162027, 8, 565.4673549597915
PL#1, 199, 14, 213, WS#5@PL#1, 0.2995782654614575, 7.731183910965657, 3.848440675496103, 8.70021681162027, 8, 563.6795060676939
PL#1, 199, 14, 213, WS#6@PL#1, 0.49852952226900776, 11.634273824870396, 4.025308723537162, 8.70021681162027, 8, 641.7864690517357
PL#1, 634, 29, 663, WS#1@PL#1, 0.30786646507569665, 13.95640936293508, 4.0005071711585805, 9.064500833296131, 9, 24651.66502808802
PL#1, 634, 29, 663, WS#2@PL#1, 0.3540675396882888, 11.694692228600005, 4.085561483078014, 9.064500833296131, 9, 3448.5794154098858
PL#1, 634, 29, 663, WS#3@PL#1, 0.3053783344231483, 13.243158605926226, 4.056580523140537, 9.064500833296131, 9, 3051.7198263778455
PL#1, 634, 29, 663, WS#4@PL#1, 0.29956998445004546, 11.350250400374167, 4.052684945640154, 9.064500833296131, 9, 1816.615225769326
PL#1, 634, 29, 663, WS#5@PL#1, 0.3455392760773765, 14.324086776400653, 3.9999416256534728, 9.064500833296131, 9, 2492.3361142779854
PL#1, 634, 29, 663, WS#6@PL#1, 0.3253843817958533, 16.242650401761768, 4.0045537517489675, 9.064500833296131, 9, 1672.9600405674607
PL#1, 779, 40, 819, WS#1@PL#1, 0.3025897234380842, 13.132818042384256, 3.998734484462215, 8.98612382025207, 10, 27135.302272413996
PL#1, 779, 40, 819, WS#2@PL#1, 0.3035567601353749, 9.872221279875086, 4.008038497961306, 8.98612382025207, 10, 3177.0206584080147
PL#1, 779, 40, 819, WS#3@PL#1, 0.34195071026066853, 10.20665002568946, 4.019716335309656, 8.98612382025207, 10, 1789.6351328803928
PL#1, 779, 40, 819, WS#4@PL#1, 0.40021587715337753, 9.15788178109201, 4.004701248533054, 8.98612382025207, 10, 1206.5332666280965
PL#1, 779, 40, 819, WS#5@PL#1, 0.34699702651746234, 11.780244986351619, 4.027769572846502, 8.98612382025207, 10, 1517.9342720220136
PL#1, 779, 40, 819, WS#6@PL#1, 0.3758599583903248, 11.870744602222059, 3.9274365461953407, 8.98612382025207, 10, 983.1734163003573
PL#1, 63, 2, 65, WS#1@PL#1, 0.32212676020749054, 7.250118114759999, 3.978077398460288, 8.113029902045936, 11, 1670.8433437577044
PL#1, 63, 2, 65, WS#2@PL#1, 0.25349341688630567, 5.153905174174472, 3.902086591207977, 8.113029902045936, 11, 204.1463940824973
PL#1, 63, 2, 65, WS#3@PL#1, 0.06319249046744346, 7.323326707930333, 4.0457190633731575, 8.113029902045936, 11, 221.88307323321345
PL#1, 63, 2, 65, WS#4@PL#1, 0.3589696261831108, 11.301930707419924, 4.002923531708768, 8.113029902045936, 11, 203.37827670038234
PL#1, 63, 2, 65, WS#5@PL#1, 0.12465577878552381, 10.133526606485784, 3.8881894217468465, 8.113029902045936, 11, 150.92581541770022
PL#1, 63, 2, 65, WS#6@PL#1, 0.6797272259428601, 0.0, 3.9115615884440387, 8.113029902045936, 11, 92.03918167782858
PL#1, 127, 6, 133, WS#1@PL#1, 0.35172677026568455, 9.687201753952856, 3.950878204597323, 7.9786754403301074, 12, 3852.3073116964974
PL#1, 127, 6, 133, WS#2@PL#1, 0.41577440194961357, 8.558614547153297, 3.9926793811805217, 7.9786754403301074, 12, 454.0717666129602
PL#1, 127, 6, 133, WS#3@PL#1, 0.17642641244195248, 7.526290171755681, 3.9712152655436155, 7.9786754403301074, 12, 327.6369422532767
PL#1, 127, 6, 133, WS#4@PL#1, 0.2814577727570793, 8.611160698724307, 4.013295523537943, 7.9786754403301074, 12, 351.0084509174489
PL#1, 127, 6, 133, WS#5@PL#1, 0.3578492777430308, 13.42157707894044, 4.032130671613936, 7.9786754403301074, 12, 297.36286645586256
PL#1, 127, 6, 133, WS#6@PL#1, 0.8989788610042346, 7.5461208143363425, 3.9591165317740518, 7.9786754403301074, 12, 238.2591658653719
PL#1, 10, 1, 11, WS#1@PL#1, 0.21591984117231888, 4.76084208349676, 3.9137441328830147, 7.825091212613748, 13, 262.689863698355
PL#1, 10, 1, 11, WS#2@PL#1, 0.010700585626114645, 0.0, 4.290838347796916, 7.825091212613748, 13, 24.010700585626115
PL#1, 10, 1, 11, WS#3@PL#1, 0.20549298275594197, 0.0, 4.167966994889671, 7.825091212613748, 13, 24.205492982755942
PL#1, 10, 1, 11, WS#4@PL#1, 0.0, 0.0, 4.100710308513366, 7.825091212613748, 13, 24
PL#1, 10, 1, 11, WS#5@PL#1, 0.0, 0.0, 3.395767154027814, 7.825091212613748, 13, 24
PL#1, 10, 1, 11, WS#6@PL#1, 0.0, 0.0, 4.1157285456583175, 7.825091212613748, 13, 24
PL#1, 550, 42, 592, WS#1@PL#1, 0.3353318787686636, 14.453073835539621, 3.9837624726079834, 9.024906106220039, 14, 23730.584209997603
PL#1, 550, 42, 592, WS#2@PL#1, 0.32933732278397876, 11.377624618588019, 3.9815818779060246, 9.024906106220039, 14, 3172.0331134157877
PL#1, 550, 42, 592, WS#3@PL#1, 0.3203693167756834, 10.704436398508564, 4.0345076524229215, 9.024906106220039, 14, 2300.458793685521
PL#1, 550, 42, 592, WS#4@PL#1, 0.34867072595034515, 12.97674841229546, 3.9520426197301175, 9.024906106220039, 14, 2060.693776928846
PL#1, 550, 42, 592, WS#5@PL#1, 0.3242624765258496, 17.170625286386265, 4.065535181253364, 9.024906106220039, 14, 2245.1760122559826
PL#1, 550, 42, 592, WS#6@PL#1, 0.401343608892408, 14.168884312818808, 4.017172788346963, 9.024906106220039, 14, 1731.4608665551964
PL#1, 485, 23, 508, WS#1@PL#1, 0.363127373632532, 12.718321673502471, 3.99699180248274, 8.875868156999367, 15, 16677.79177500267
PL#1, 485, 23, 508, WS#2@PL#1, 0.2747316692474991, 12.858450217444007, 3.9152553958274163, 8.875868156999367, 15, 2344.472132568902
PL#1, 485, 23, 508, WS#3@PL#1, 0.2909054239983173, 8.340149388557656, 4.001247022518185, 8.875868156999367, 15, 1569.0496658955306
PL#1, 485, 23, 508, WS#4@PL#1, 0.36988281332529666, 9.853147282692518, 4.004215498060199, 8.875868156999367, 15, 1268.705376924212
PL#1, 485, 23, 508, WS#5@PL#1, 0.29697869817901607, 14.034613928572327, 3.9860427307653334, 8.875868156999367, 15, 1993.2226750582054
PL#1, 485, 23, 508, WS#6@PL#1, 0.37789840479135745, 12.137486831210978, 4.034562229863314, 8.875868156999367, 15, 1174.2370734979927
PL#1, 16, 2, 18, WS#1@PL#1, 0.30752797486336725, 2.8571621891551873, 4.030237501353967, 8.417554623686488, 16, 131.50446980159967
PL#1, 16, 2, 18, WS#2@PL#1, 0.13569350173485262, 3.1181552646750226, 3.5623760981533037, 8.417554623686488, 16, 68.31724614848508
PL#1, 16, 2, 18, WS#3@PL#1, 0.10041286528591531, 2.8257479382448896, 4.196927167611339, 8.417554623686488, 16, 65.45830511302073
PL#1, 16, 2, 18, WS#4@PL#1, 0.03858058593679914, 0.0, 3.6384348383599474, 8.417554623686488, 16, 37.0385805859368
PL#1, 16, 2, 18, WS#5@PL#1, 0.0, 0.0, 4.18966930452521, 8.417554623686488, 16, 37
PL#1, 16, 2, 18, WS#6@PL#1, 0.0, 0.0, 4.120626334452083, 8.417554623686488, 16, 37
PL#1, 815, 34, 849, WS#1@PL#1, 0.3172409579913772, 13.743141988288702, 3.995788246492139, 8.84472225684367, 17, 29965.807466009268
PL#1, 815, 34, 849, WS#2@PL#1, 0.3501854090327029, 9.531870414783349, 4.014888377536148, 8.84472225684367, 17, 2498.5970615675674
PL#1, 815, 34, 849, WS#3@PL#1, 0.3332660305667343, 10.900302931915437, 4.003284416990599, 8.84472225684367, 17, 2301.061192802644
PL#1, 815, 34, 849, WS#4@PL#1, 0.26919724784922133, 10.898366824289631, 4.023939264921536, 8.84472225684367, 17, 1167.340759527916
PL#1, 815, 34, 849, WS#5@PL#1, 0.39737200718183524, 11.25417470064471, 4.02473900036545, 8.84472225684367, 17, 1378.047391072465
PL#1, 815, 34, 849, WS#6@PL#1, 0.2985543629606436, 10.444289918401996, 4.075231910896, 8.84472225684367, 17, 862.104306205216
PL#1, 32, 1, 33, WS#1@PL#1, 0.357212415228028, 2.408340507685563, 3.997006247574644, 7.224179430354067, 18, 198.14516567229052
PL#1, 32, 1, 33, WS#2@PL#1, 0.48782672509175456, 3.3724874367450126, 4.1848259754221475, 7.224179430354067, 18, 93.65395773988895
PL#1, 32, 1, 33, WS#3@PL#1, 0.0, 0.0, 4.214122103492624, 7.224179430354067, 18, 44
PL#1, 32, 1, 33, WS#4@PL#1, 0.6701149228371719, 0.0, 4.131958509121687, 7.224179430354067, 18, 44.67011492283717
PL#1, 32, 1, 33, WS#5@PL#1, 0.0, 0.0, 3.3594662452776647, 7.224179430354067, 18, 44
PL#1, 32, 1, 33, WS#6@PL#1, 0.09359006602363173, 1.4452877615789457, 3.940612629797383, 7.224179430354067, 18, 47.07775565520515
PL#1, 163, 14, 177, WS#1@PL#1, 0.31515855072016125, 11.20390116110261, 4.023774465722484, 8.331781754566414, 19, 4792.136153436158
PL#1, 163, 14, 177, WS#2@PL#1, 0.46775401914744996, 9.291075024295804, 3.9603188683153654, 8.331781754566414, 19, 568.6094071913049
PL#1, 163, 14, 177, WS#3@PL#1, 0.28564916796854584, 7.318473835394131, 4.050909807130691, 8.331781754566414, 19, 459.2563562432432
PL#1, 163, 14, 177, WS#4@PL#1, 0.30767920088993134, 10.200520798604016, 4.103945906145182, 8.331781754566414, 19, 600.3119407576318
PL#1, 163, 14, 177, WS#5@PL#1, 0.3114606211196455, 16.424495284897933, 3.887227323696604, 8.331781754566414, 19, 439.87731585193
PL#1, 163, 14, 177, WS#6@PL#1, 0.2548289968982462, 8.560491123569214, 3.998292011263632, 8.331781754566414, 19, 398.8597786999122
PL#1, 190, 9, 199, WS#1@PL#1, 0.2991237648607703, 11.970020583943318, 3.965101874058509, 8.867657192279681, 20, 5724.7622910150785
PL#1, 190, 9, 199, WS#2@PL#1, 0.39144815637650027, 8.889423156800946, 3.947691283963005, 8.867657192279681, 20, 1015.796321205023
PL#1, 190, 9, 199, WS#3@PL#1, 0.31767790162077364, 12.416281457124754, 4.040626654454414, 8.867657192279681, 20, 1019.6685514563217
PL#1, 190, 9, 199, WS#4@PL#1, 0.6098387780913347, 9.824429380783423, 3.9935758385434044, 8.867657192279681, 20, 549.0509467605987
PL#1, 190, 9, 199, WS#5@PL#1, 0.30767529039101, 7.6672894835511105, 3.9376721822064815, 8.867657192279681, 20, 419.98782270359857
PL#1, 190, 9, 199, WS#6@PL#1, 0.3677286183538806, 9.988135593958667, 3.9067115343599226, 8.867657192279681, 20, 469.6808120139217
PL#1, 826, 28, 854, WS#1@PL#1, 0.31773108520925525, 13.463465406644138, 3.9756449706209125, 8.67966271962931, 21, 28274.275324872244
PL#1, 826, 28, 854, WS#2@PL#1, 0.311352364474115, 9.187071532666609, 4.042906785151852, 8.67966271962931, 21, 2975.0500612002506
PL#1, 826, 28, 854, WS#3@PL#1, 0.3258623271692595, 10.198901430817408, 4.037279345307948, 8.67966271962931, 21, 1854.050547868612
PL#1, 826, 28, 854, WS#4@PL#1, 0.27303827066987196, 10.221866446520442, 3.963375893519688, 8.67966271962931, 21, 764.6092651626088
PL#1, 826, 28, 854, WS#5@PL#1, 0.3167725395832633, 11.09924812256029, 3.969538406278773, 8.67966271962931, 21, 1411.4929375655104
PL#1, 826, 28, 854, WS#6@PL#1, 0.47676459129510573, 13.113920270947045, 4.069165540661263, 8.67966271962931, 21, 1062.9397948233218
PL#1, 818, 34, 852, WS#1@PL#1, 0.3169501048515944, 13.262518676798612, 4.004879471222117, 8.643237250626232, 22, 28088.120971071236
PL#1, 818, 34, 852, WS#2@PL#1, 0.3216012760312644, 10.018322878339198, 3.9513472535484313, 8.643237250626232, 22, 2295.4336609224315
PL#1, 818, 34, 852, WS#3@PL#1, 0.29993952045190697, 10.739310889904354, 4.00086974721761, 8.643237250626232, 22, 2054.566226543067
PL#1, 818, 34, 852, WS#4@PL#1, 0.35183252235331886, 8.812469278167551, 3.9833349353557344, 8.643237250626232, 22, 911.889669700163
PL#1, 818, 34, 852, WS#5@PL#1, 0.26381296457731346, 12.538422606570922, 3.9823428511382835, 8.643237250626232, 22, 1663.2499859692584
PL#1, 818, 34, 852, WS#6@PL#1, 0.28006023199997493, 11.005018529607609, 3.939190957670428, 8.643237250626232, 22, 732.4925480581016
PL#1, 196, 11, 207, WS#1@PL#1, 0.33212713606020744, 9.982506888498147, 3.998036023642339, 8.096481637318576, 23, 6178.202193405072
PL#1, 196, 11, 207, WS#2@PL#1, 0.14009197501169504, 6.266525924465711, 4.066627408620645, 8.096481637318576, 23, 814.6684369020543
PL#1, 196, 11, 207, WS#3@PL#1, 0.28181931033761304, 9.970653013111756, 4.111872642696088, 8.096481637318576, 23, 452.0767112966241
PL#1, 196, 11, 207, WS#4@PL#1, 0.49121986823208436, 6.888753785577628, 3.962880012028198, 8.096481637318576, 23, 433.51101697557124
PL#1, 196, 11, 207, WS#5@PL#1, 0.3140366906753691, 8.785009392051876, 3.916679102760257, 8.096481637318576, 23, 479.294464337401
PL#1, 196, 11, 207, WS#6@PL#1, 0.28480182561520734, 7.216681180352228, 3.8885037949208563, 8.096481637318576, 23, 322.59082093159833
PL#1, 15, 0, 15, WS#1@PL#1, 0.24991989152266716, 5.17340175767072, 4.014256317381621, 8.041134268104488, 24, 426.67709163038273
PL#1, 15, 0, 15, WS#2@PL#1, 0.3277903356459544, 2.1540193588571053, 3.9665140304771884, 8.041134268104488, 24, 43.23527749572645
PL#1, 15, 0, 15, WS#3@PL#1, 0.0, 0.0, 4.1881693757700145, 8.041134268104488, 24, 29
PL#1, 15, 0, 15, WS#4@PL#1, 0.0, 0.0, 3.8833642797590184, 8.041134268104488, 24, 29
PL#1, 15, 0, 15, WS#5@PL#1, 0.2259495843204705, 0.0, 4.065831251115049, 8.041134268104488, 24, 29.67784875296141
PL#1, 15, 0, 15, WS#6@PL#1, 0.0, 0.0, 3.238005314894176, 8.041134268104488, 24, 29
PL#1, 587, 35, 622, WS#1@PL#1, 0.3404720102993429, 14.655892117976222, 3.9950065969213284, 8.755548771351599, 25, 23394.651057134597
PL#1, 587, 35, 622, WS#2@PL#1, 0.2921252819793318, 10.401433465962608, 4.036523808223185, 8.755548771351599, 25, 3179.6653192882786
PL#1, 587, 35, 622, WS#3@PL#1, 0.3196267663743025, 11.731008014674677, 3.969280541370323, 8.755548771351599, 25, 2387.445819475801
PL#1, 587, 35, 622, WS#4@PL#1, 0.4301007109133859, 11.063173059254016, 4.002151282708979, 8.755548771351599, 25, 1780.1101810772318
PL#1, 587, 35, 622, WS#5@PL#1, 0.27987667662778093, 13.594885518360535, 3.8800525642691817, 8.755548771351599, 25, 2481.1014000022374
PL#1, 587, 35, 622, WS#6@PL#1, 0.30457246935297483, 16.250314334579574, 3.997160767557826, 8.755548771351599, 25, 1517.801964977526
PL#1, 819, 39, 858, WS#1@PL#1, 0.3334697332501715, 14.347178457839766, 4.0129774477355005, 8.869776640507878, 26, 29148.02737153333
PL#1, 819, 39, 858, WS#2@PL#1, 0.31103556830000645, 9.875529953884008, 3.983771607389711, 8.869776640507878, 26, 2031.0929957122382
PL#1, 819, 39, 858, WS#3@PL#1, 0.3653905119833176, 12.659643823320796, 4.014160690361537, 8.869776640507878, 26, 3233.819056722648
PL#1, 819, 39, 858, WS#4@PL#1, 0.24236933343568615, 13.10926006887974, 4.086167942889659, 8.869776640507878, 26, 1818.5302935093957
PL#1, 819, 39, 858, WS#5@PL#1, 0.2939220770744923, 19.64913886343494, 4.048157935866428, 8.869776640507878, 26, 2601.034381900274
PL#1, 819, 39, 858, WS#6@PL#1, 0.34249924878614935, 14.224771578882619, 4.071360780176606, 8.869776640507878, 26, 1118.094664372498
PL#1, 47, 3, 50, WS#1@PL#1, 0.2691196527999571, 3.419878383800287, 4.089335469604954, 7.45376016164144, 27, 484.41931182083266
PL#1, 47, 3, 50, WS#2@PL#1, 0.6864223825412914, 2.1897085995294305, 4.175543522060368, 7.45376016164144, 27, 86.2699307603769
PL#1, 47, 3, 50, WS#3@PL#1, 1.639933797664682, 2.4217406260055094, 3.958439811356887, 7.45376016164144, 27, 69.4834150496757
PL#1, 47, 3, 50, WS#4@PL#1, 0.3792969670849331, 2.485304183176004, 4.203796290048862, 7.45376016164144, 27, 78.67041903322588
PL#1, 47, 3, 50, WS#5@PL#1, 0.2383005798761412, 2.990822503148933, 3.763701268254138, 7.45376016164144, 27, 69.69654674592628
PL#1, 47, 3, 50, WS#6@PL#1, 0.0, 0.0, 3.8547168414197475, 7.45376016164144, 27, 63
PL#1, 837, 28, 865, WS#1@PL#1, 0.328654735637596, 10.476682007709325, 3.9957518725417414, 8.251936256174531, 28, 21361.612962035502
PL#1, 837, 28, 865, WS#2@PL#1, 0.3169780036018815, 9.131298954116883, 4.011677680134215, 8.251936256174531, 28, 2501.4640837214974
PL#1, 837, 28, 865, WS#3@PL#1, 0.3824430522743432, 10.028992482375582, 4.032622651288231, 8.251936256174531, 28, 2063.5068468092386
PL#1, 837, 28, 865, WS#4@PL#1, 0.3184364883645152, 9.63997534348902, 3.9697398916342572, 8.251936256174531, 28, 1594.330288843509
PL#1, 837, 28, 865, WS#5@PL#1, 0.20972906281807532, 10.734370785233232, 4.0367674199565755, 8.251936256174531, 28, 1272.5281664164274
PL#1, 837, 28, 865, WS#6@PL#1, 0.30777603640175155, 12.224121053799536, 4.066304792565158, 8.251936256174531, 28, 1059.2765875732057
PL#1, 48, 4, 52, WS#1@PL#1, 0.29669421640574706, 3.0125898196051906, 4.144149342095884, 7.185198182738749, 29, 367.2631682039511
PL#1, 48, 4, 52, WS#2@PL#1, 0.03854652041155937, 0.8353282981655883, 4.032489298280962, 7.185198182738749, 29, 70.05051630940508
PL#1, 48, 4, 52, WS#3@PL#1, 0.3613328166092913, 3.12940818901853, 4.1042124210136395, 7.185198182738749, 29, 84.13778195072047
PL#1, 48, 4, 52, WS#4@PL#1, 0.36185766009348663, 2.0217006169026117, 4.009495492395928, 7.185198182738749, 29, 70.49083187417916
PL#1, 48, 4, 52, WS#5@PL#1, 0.23774672652911732, 0.0, 3.8164294376579058, 7.185198182738749, 29, 65.47549345305823
PL#1, 48, 4, 52, WS#6@PL#1, 1.2870212704076422, 0.0, 4.188019849512865, 7.185198182738749, 29, 66.28702127040765
PL#1, 790, 39, 829, WS#1@PL#1, 0.3545643864976741, 14.057048415552538, 3.98055277962337, 8.928029021625298, 30, 28188.370348420576
PL#1, 790, 39, 829, WS#2@PL#1, 0.27791113675172563, 9.468227137088714, 3.9953127692317087, 8.928029021625298, 30, 2795.053134910903
PL#1, 790, 39, 829, WS#3@PL#1, 0.2779686107559885, 9.126804158953133, 3.999101032640686, 8.928029021625298, 30, 1928.8594922534214
PL#1, 790, 39, 829, WS#4@PL#1, 0.3829524607983022, 10.51242201916214, 4.009397493346515, 8.928029021625298, 30, 1756.9335814656627
PL#1, 790, 39, 829, WS#5@PL#1, 0.44109248858580696, 12.696856499961353, 3.9937506674450423, 8.928029021625298, 30, 1746.1805534925195
PL#1, 790, 39, 829, WS#6@PL#1, 0.3684141340643868, 12.74986445972627, 4.0627745622202385, 8.928029021625298, 30, 1107.5407675583908
PL#1, 352, 14, 366, WS#1@PL#1, 0.35305128907166633, 11.355456925299992, 4.003441591061651, 8.550156240467993, 31, 10256.77163323759
PL#1, 352, 14, 366, WS#2@PL#1, 0.23890734458735877, 8.67854117496869, 4.005623112360036, 8.550156240467993, 31, 1428.370748182765
PL#1, 352, 14, 366, WS#3@PL#1, 0.1933046972529734, 11.108336712498744, 3.963042618757443, 8.550156240467993, 31, 947.109840444725
PL#1, 352, 14, 366, WS#4@PL#1, 0.29441740111587933, 6.907744194869072, 4.014047803203233, 8.550156240467993, 31, 894.327377878097
PL#1, 352, 14, 366, WS#5@PL#1, 0.28732253940814445, 11.91249958576881, 4.016053387875913, 8.550156240467993, 31, 938.347498154004
PL#1, 352, 14, 366, WS#6@PL#1, 0.39535918359079075, 11.54143124081163, 3.9738413830535997, 8.550156240467993, 31, 786.1733249782108
PL#1, 40, 2, 42, WS#1@PL#1, 0.30015741925618855, 3.909747611211947, 4.02061098118222, 7.322431780456872, 32, 426.41989609681536
PL#1, 40, 2, 42, WS#2@PL#1, 0.25235093065193426, 2.957737944721736, 4.006020081581829, 7.322431780456872, 32, 119.08904222909366
PL#1, 40, 2, 42, WS#3@PL#1, 0.2433319730220127, 1.6813111931842724, 3.7724125636513937, 7.322431780456872, 32, 62.57453110514966
PL#1, 40, 2, 42, WS#4@PL#1, 0.13751183784766852, 0.0, 4.248089876811, 7.322431780456872, 32, 52.13751183784767
PL#1, 40, 2, 42, WS#5@PL#1, 0.17900583618656185, 0.0, 3.8048035493617762, 7.322431780456872, 32, 52.71602334474625
PL#1, 40, 2, 42, WS#6@PL#1, 0.18264666941260366, 0.0, 4.020240095320971, 7.322431780456872, 32, 52.36529333882521
PL#1, 814, 48, 862, WS#1@PL#1, 0.3486110688136113, 11.22275220117807, 3.983403418485133, 8.380166714848034, 33, 23435.10172969371
PL#1, 814, 48, 862, WS#2@PL#1, 0.42218815463708664, 7.018571063483438, 4.005856465648097, 8.380166714848034, 33, 2683.839597285247
PL#1, 814, 48, 862, WS#3@PL#1, 0.3774544525059635, 7.921305558094743, 4.0506444817323075, 8.380166714848034, 33, 1204.8038296244738
PL#1, 814, 48, 862, WS#4@PL#1, 0.32480614051854934, 9.732461581755745, 3.98405251628544, 8.380166714848034, 33, 886.640144995129
PL#1, 814, 48, 862, WS#5@PL#1, 0.28789264104526574, 8.791626917434744, 4.030701009690169, 8.380166714848034, 33, 905.670617450747
PL#1, 814, 48, 862, WS#6@PL#1, 0.34671751827073855, 8.068017171060083, 3.921923443617752, 8.380166714848034, 33, 652.7224415684922
PL#1, 127, 10, 137, WS#1@PL#1, 0.3430880440573972, 7.869460463552578, 4.036194018416743, 8.148722403831462, 34, 2556.8835662819633
PL#1, 127, 10, 137, WS#2@PL#1, 0.36967373969813977, 8.04271118919686, 4.027585773411664, 8.148722403831462, 34, 543.1827571412443
PL#1, 127, 10, 137, WS#3@PL#1, 0.3988011997845386, 6.226665102932346, 4.050686061041794, 8.148722403831462, 34, 347.7394300808129
PL#1, 127, 10, 137, WS#4@PL#1, 1.4168627144377126, 6.712928976447756, 4.2439823339830305, 8.148722403831462, 34, 266.39786838470627
PL#1, 127, 10, 137, WS#5@PL#1, 0.3943686696906678, 8.617890122543992, 3.9349491270719064, 8.148722403831462, 34, 381.37868096827185
PL#1, 127, 10, 137, WS#6@PL#1, 0.25952497333219926, 4.238372828825045, 3.9689218913091455, 8.148722403831462, 34, 265.541827100812
PL#1, 54, 6, 60, WS#1@PL#1, 0.25630274043117124, 14.349910682218828, 3.982481241813262, 9.198767405366366, 35, 3742.873120160398
PL#1, 54, 6, 60, WS#2@PL#1, 0.3002693369334821, 6.639424717086873, 4.009470057586693, 9.198767405366366, 35, 235.8689597975121
PL#1, 54, 6, 60, WS#3@PL#1, 0.3616152645340227, 6.77686665437558, 4.027761140022431, 9.198767405366366, 35, 157.21512760189188
PL#1, 54, 6, 60, WS#4@PL#1, 0.3577936575073946, 16.404635570425473, 3.768967878452573, 9.198767405366366, 35, 188.57457536759722
PL#1, 54, 6, 60, WS#5@PL#1, 0.25481400118434056, 19.491958840629433, 3.9471265833079974, 9.198767405366366, 35, 205.71619504732962
PL#1, 54, 6, 60, WS#6@PL#1, 0.1979690024331262, 28.09532997517861, 4.339352005169847, 9.198767405366366, 35, 256.7699488535048
PL#1, 592, 31, 623, WS#1@PL#1, 0.32627207474907055, 14.188115706536376, 3.9875254270019926, 8.934116332094112, 36, 23616.28971438712
PL#1, 592, 31, 623, WS#2@PL#1, 0.2870735794697268, 9.162630640133356, 4.135973439312362, 8.934116332094112, 36, 2587.286629728642
PL#1, 592, 31, 623, WS#3@PL#1, 0.27603662172517357, 10.062305540196105, 4.0400126664897344, 8.934116332094112, 36, 2362.1458385962314
PL#1, 592, 31, 623, WS#4@PL#1, 0.2139072259981647, 11.008807845321556, 3.8895465903105775, 8.934116332094112, 36, 1720.620121620238
PL#1, 592, 31, 623, WS#5@PL#1, 0.4208234158932997, 13.849073198769167, 3.980271819401877, 8.934116332094112, 36, 2033.4227304271355
PL#1, 592, 31, 623, WS#6@PL#1, 0.435997046034266, 12.04580105964897, 4.090705555560535, 8.934116332094112, 36, 1211.8963782333803
PL#1, 101, 4, 105, WS#1@PL#1, 0.3557668038478618, 9.4317257991744, 3.983866369275721, 7.886819428765854, 37, 2318.7102424525274
PL#1, 101, 4, 105, WS#2@PL#1, 0.42538694985063313, 6.2450256954288275, 3.9319620900458903, 7.886819428765854, 37, 493.89074678322896
PL#1, 101, 4, 105, WS#3@PL#1, 0.5443786360721354, 9.557502749409387, 3.807497415276608, 7.886819428765854, 37, 338.89819639522295
PL#1, 101, 4, 105, WS#4@PL#1, 0.32989205543327493, 8.370253549346279, 4.165148808844213, 7.886819428765854, 37, 279.6439162208327
PL#1, 101, 4, 105, WS#5@PL#1, 0.29890064654730963, 4.559255326799213, 4.10166131107727, 7.886819428765854, 37, 173.78815585418135
PL#1, 101, 4, 105, WS#6@PL#1, 0.23087121171420222, 1.4642680052792167, 3.973018364321034, 7.886819428765854, 37, 130.15940722227265
PL#1, 838, 40, 878, WS#1@PL#1, 0.3476563111388552, 11.473781599695318, 3.989704346927347, 8.356005050076229, 38, 23957.238006850013
PL#1, 838, 40, 878, WS#2@PL#1, 0.35837395687271956, 7.280063383139653, 4.008350877818058, 8.356005050076229, 38, 1929.237417751825
PL#1, 838, 40, 878, WS#3@PL#1, 0.2934587502972491, 11.38558527957032, 3.9975424187594135, 8.356005050076229, 38, 1972.113229350066
PL#1, 838, 40, 878, WS#4@PL#1, 0.3212524994978709, 8.117890830025674, 3.97838312999725, 8.356005050076229, 38, 859.35951379907
PL#1, 838, 40, 878, WS#5@PL#1, 0.3541395788019762, 9.49829015777187, 4.050731929688479, 8.356005050076229, 38, 1016.7346649302735
PL#1, 838, 40, 878, WS#6@PL#1, 0.3797903138668234, 10.808831868536704, 3.9064263162982855, 8.356005050076229, 38, 660.3034118420737
PL#1, 417, 20, 437, WS#1@PL#1, 0.34841561902813306, 13.525336736576158, 3.9958038406698124, 9.47290798319621, 39, 16150.677340542255
PL#1, 417, 20, 437, WS#2@PL#1, 0.3049148601253994, 10.019828066977308, 4.054644682313359, 9.47290798319621, 39, 2688.176935848119
PL#1, 417, 20, 437, WS#3@PL#1, 0.399279840883895, 12.601079729657865, 4.041193684019445, 9.47290798319621, 39, 1742.6878125826659
PL#1, 417, 20, 437, WS#4@PL#1, 0.22307878517791693, 11.532488721901867, 3.8564208832144122, 9.47290798319621, 39, 1433.7503471984069
PL#1, 417, 20, 437, WS#5@PL#1, 0.5188404416291473, 10.800424239128473, 3.9651069888718333, 9.47290798319621, 39, 1908.1416086560316
PL#1, 417, 20, 437, WS#6@PL#1, 0.35692749867400647, 9.472123333438823, 3.9137477262710596, 9.47290798319621, 39, 1095.9901374778506
PL#1, 427, 33, 460, WS#1@PL#1, 0.31981094482139455, 14.134299013292916, 4.013795363879274, 9.335211597631472, 40, 17897.717591085402
PL#1, 427, 33, 460, WS#2@PL#1, 0.3253103827747532, 8.96434077912973, 3.945196021565857, 9.335211597631472, 40, 2045.9584488505832
PL#1, 427, 33, 460, WS#3@PL#1, 0.3511441410115601, 10.08224839560796, 3.9041492549393557, 9.335211597631472, 40, 1699.4213504781185
PL#1, 427, 33, 460, WS#4@PL#1, 0.40579528944847437, 12.239084223587088, 4.015893811956345, 9.335211597631472, 40, 1200.2295499421846
PL#1, 427, 33, 460, WS#5@PL#1, 0.2917894793073347, 9.622241197178651, 3.9120200057085643, 9.335211597631472, 40, 1264.726989223111
PL#1, 427, 33, 460, WS#6@PL#1, 0.4338560887572984, 12.148409350982051, 3.9507524174478648, 9.335211597631472, 40, 1440.3303519888605
PL#1, 824, 31, 855, WS#1@PL#1, 0.32577951423984847, 12.532346320836695, 3.9763309237926454, 8.589531454251993, 41, 25812.387872142313
PL#1, 824, 31, 855, WS#2@PL#1, 0.2997673775420126, 9.28862702081634, 3.9858509685599133, 8.589531454251993, 41, 2130.39719060289
PL#1, 824, 31, 855, WS#3@PL#1, 0.30594143854521844, 9.444271656853552, 4.027686090533116, 8.589531454251993, 41, 1730.78915765061
PL#1, 824, 31, 855, WS#4@PL#1, 0.40783325016406047, 9.91966464656224, 4.073723269671069, 8.589531454251993, 41, 1284.3990717658728
PL#1, 824, 31, 855, WS#5@PL#1, 0.327912467833131, 11.777534932773992, 4.025986150544383, 8.589531454251993, 41, 1870.3599809454515
PL#1, 824, 31, 855, WS#6@PL#1, 0.22471055752395522, 12.47111924125017, 4.008760236178529, 8.589531454251993, 41, 927.8064561180397
PL#1, 202, 12, 214, WS#1@PL#1, 0.3572916593970609, 14.592946482572271, 4.005118825281323, 8.86246494385266, 42, 8833.944286478398
PL#1, 202, 12, 214, WS#2@PL#1, 0.32938031048646166, 11.129487273607605, 3.9873235767066513, 8.86246494385266, 42, 910.4746846636192
PL#1, 202, 12, 214, WS#3@PL#1, 0.48167480806932034, 16.357790806316395, 3.9744831262653983, 8.86246494385266, 42, 1150.6191264298477
PL#1, 202, 12, 214, WS#4@PL#1, 0.5366492315142386, 20.66431074680698, 3.7945596313026373, 8.86246494385266, 42, 431.6076798265698
PL#1, 202, 12, 214, WS#5@PL#1, 0.27775805227994305, 11.902402476110796, 4.109492958777483, 8.86246494385266, 42, 621.0163806492835
PL#1, 202, 12, 214, WS#6@PL#1, 0.29992607636959334, 9.757368782908522, 4.236354436062571, 8.86246494385266, 42, 439.7321206269405
PL#1, 812, 46, 858, WS#1@PL#1, 0.32453164249131344, 12.974396176486545, 3.981469262066129, 8.64960574918069, 43, 28217.13613568512
PL#1, 812, 46, 858, WS#2@PL#1, 0.3695532301538238, 12.216218352640988, 4.027545238487874, 8.64960574918069, 43, 4246.397871211934
PL#1, 812, 46, 858, WS#3@PL#1, 0.29972478653005125, 10.002696928131115, 3.9803000457397615, 8.64960574918069, 43, 1351.4512054711815
PL#1, 812, 46, 858, WS#4@PL#1, 0.3278156528016649, 12.085940373944334, 4.0509651079245454, 8.64960574918069, 43, 1388.2873035193074
PL#1, 812, 46, 858, WS#5@PL#1, 0.3255553045070946, 11.99146133973655, 3.978576584498732, 8.64960574918069, 43, 1330.4551830287687
PL#1, 812, 46, 858, WS#6@PL#1, 0.33664892597844115, 11.589688846360504, 3.984474798015788, 8.64960574918069, 43, 865.7165488541599
PL#1, 419, 27, 446, WS#1@PL#1, 0.3233099984423305, 13.381636339199618, 4.019554683555016, 8.416973973398585, 44, 16880.15299801345
PL#1, 419, 27, 446, WS#2@PL#1, 0.3500920234782463, 10.985391086690974, 4.060245158996618, 8.416973973398585, 44, 1863.6701972102117
PL#1, 419, 27, 446, WS#3@PL#1, 0.4196444733647632, 8.227004246737545, 3.977883298012352, 8.416973973398585, 44, 1578.3869443632543
PL#1, 419, 27, 446, WS#4@PL#1, 0.2432893953820768, 9.308999439774869, 4.032529329135865, 8.416973973398585, 44, 1058.0578872284377
PL#1, 419, 27, 446, WS#5@PL#1, 0.26173039614819515, 9.113262752144099, 4.11097540397109, 8.416973973398585, 44, 1010.0421445580042
PL#1, 419, 27, 446, WS#6@PL#1, 0.23754956070340044, 10.472235906541284, 4.0340639124432345, 8.416973973398585, 44, 915.5082078591198
PL#1, 293, 20, 313, WS#1@PL#1, 0.34111913635923313, 11.08610113580999, 3.971426287879027, 8.721386404801889, 45, 9347.71148696413
PL#1, 293, 20, 313, WS#2@PL#1, 0.3463406123670483, 6.820022092798857, 4.0679790169882954, 8.721386404801889, 45, 1167.0239683769425
PL#1, 293, 20, 313, WS#3@PL#1, 0.22627936379016267, 8.597225805562008, 4.097924210864373, 8.721386404801889, 45, 1007.752124640058
PL#1, 293, 20, 313, WS#4@PL#1, 0.32306150027963443, 10.534927416598432, 3.9744268302939183, 8.721386404801889, 45, 790.4654103360535
PL#1, 293, 20, 313, WS#5@PL#1, 0.2319351366528706, 12.547291245942297, 4.091662998285058, 8.721386404801889, 45, 964.4224892264858
PL#1, 293, 20, 313, WS#6@PL#1, 0.3619712014917704, 12.02990032243112, 4.018955807665587, 8.721386404801889, 45, 846.9277514762509
PL#1, 679, 35, 714, WS#1@PL#1, 0.33827605408863537, 12.392498331149616, 4.028651694860578, 8.52156484003127, 46, 24331.530742118863
PL#1, 679, 35, 714, WS#2@PL#1, 0.3192634882928454, 10.10676481057235, 4.007072349061873, 8.52156484003127, 46, 3583.0876219605643
PL#1, 679, 35, 714, WS#3@PL#1, 0.34596598056803146, 11.690978727477018, 3.9841061830254882, 8.52156484003127, 46, 2352.9739418335976
PL#1, 679, 35, 714, WS#4@PL#1, 0.3375279841860999, 10.838365581474347, 3.9955919207523687, 8.52156484003127, 46, 1827.255473021223
PL#1, 679, 35, 714, WS#5@PL#1, 0.29164560390037697, 12.176922308364857, 3.9699921565734, 8.52156484003127, 46, 2019.7545895055641
PL#1, 679, 35, 714, WS#6@PL#1, 0.3078874522100863, 11.701510788809841, 3.9471231191538663, 8.52156484003127, 46, 1503.6138249863322
PL#1, 811, 37, 848, WS#1@PL#1, 0.31059463573440355, 12.68861307209484, 3.9942333269158508, 8.809323328486958, 47, 26542.688760645735
PL#1, 811, 37, 848, WS#2@PL#1, 0.28323181775828726, 8.870467324625745, 3.993659372118287, 8.809323328486958, 47, 2639.5366871593765
PL#1, 811, 37, 848, WS#3@PL#1, 0.32694941312024994, 11.728420705723327, 4.051526818219837, 8.809323328486958, 47, 1868.7840433340577
PL#1, 811, 37, 848, WS#4@PL#1, 0.39710827413820454, 10.04871031575335, 3.9727730377595134, 8.809323328486958, 47, 1039.264350075817
PL#1, 811, 37, 848, WS#5@PL#1, 0.319893968398892, 11.825949813243879, 4.040472465913857, 8.809323328486958, 47, 1311.4109804139903
PL#1, 811, 37, 848, WS#6@PL#1, 0.3839566685326514, 12.683673238540639, 4.010081025468563, 8.809323328486958, 47, 1125.7621617048926
PL#1, 716, 45, 761, WS#1@PL#1, 0.340577788607538, 11.855162321952793, 4.0090267980465475, 8.308640909158003, 48, 22798.830739328085
PL#1, 716, 45, 761, WS#2@PL#1, 0.2946326272294018, 9.612172597185648, 4.0282975976470805, 8.308640909158003, 48, 3344.796122595931
PL#1, 716, 45, 761, WS#3@PL#1, 0.2730634775702519, 10.251627902201546, 4.082225504601159, 8.308640909158003, 48, 2398.252024285647
PL#1, 716, 45, 761, WS#4@PL#1, 0.3641463561326095, 8.763732221706526, 4.095999353494655, 8.308640909158003, 48, 1705.9869268121265
PL#1, 716, 45, 761, WS#5@PL#1, 0.28807576610064445, 10.594072228775902, 4.075728895867728, 8.308640909158003, 48, 2384.712453703097
PL#1, 716, 45, 761, WS#6@PL#1, 0.2698017581152296, 12.163079625389491, 4.021947706861745, 8.308640909158003, 48, 1680.1592904380109
PL#1, 479, 23, 502, WS#1@PL#1, 0.3185233751137606, 13.641230241575338, 4.001233280163391, 9.04676855591055, 49, 18064.564833067732
PL#1, 479, 23, 502, WS#2@PL#1, 0.32631936426155395, 8.993220518152024, 4.075446208880674, 9.04676855591055, 49, 2049.697380888651
PL#1, 479, 23, 502, WS#3@PL#1, 0.27737798173574846, 10.911535429266602, 4.01305608959161, 9.04676855591055, 49, 1866.9078426076362
PL#1, 479, 23, 502, WS#4@PL#1, 0.3595120672999278, 8.704135494243324, 4.047908883769897, 9.04676855591055, 49, 1343.2434966815504
PL#1, 479, 23, 502, WS#5@PL#1, 0.18825797036784916, 14.085046263890067, 4.00488858407358, 9.04676855591055, 49, 2113.650515557497
PL#1, 479, 23, 502, WS#6@PL#1, 0.3917701447702228, 12.819498929855989, 4.064277151986069, 9.04676855591055, 49, 1365.4486393793495
PL#1, 718, 28, 746, WS#1@PL#1, 0.33924378912141656, 13.548148043774894, 4.001437910202108, 8.691765048559041, 50, 27289.44406941769
PL#1, 718, 28, 746, WS#2@PL#1, 0.29637179655542534, 10.161329102403526, 3.9836374690107323, 8.691765048559041, 50, 3812.8841105392917
PL#1, 718, 28, 746, WS#3@PL#1, 0.3464378062949331, 9.702457564659177, 3.950240104887554, 8.691765048559041, 50, 2497.3283638244275
PL#1, 718, 28, 746, WS#4@PL#1, 0.373020325305846, 9.966919014739183, 4.026599478962695, 8.691765048559041, 50, 2460.029976058488
PL#1, 718, 28, 746, WS#5@PL#1, 0.3120359640552031, 11.083554301140522, 3.949956988936234, 8.691765048559041, 50, 1813.1486395073443
PL#1, 718, 28, 746, WS#6@PL#1, 0.40135458720481, 9.737424015770102, 4.05229371899463, 8.691765048559041, 50, 1488.2793056263263
PL#1, 20, 0, 20, WS#1@PL#1, 0.29284172995601343, 3.7247941034370853, 4.024392795855695, 8.09943638721237, 51, 242.11719099485484
PL#1, 20, 0, 20, WS#2@PL#1, 0.4265991453993436, 0.0, 4.095057312489518, 8.09943638721237, 51, 36.426599145399344
PL#1, 20, 0, 20, WS#3@PL#1, 0.0, 0.0, 3.8880550911047176, 8.09943638721237, 51, 36
PL#1, 20, 0, 20, WS#4@PL#1, 0.14921545282869886, 0.0, 4.263876457713308, 8.09943638721237, 51, 36.1492154528287
PL#1, 20, 0, 20, WS#5@PL#1, 0.1006176449094139, 0.0, 4.251764856590834, 8.09943638721237, 51, 36.301852934728245
PL#1, 20, 0, 20, WS#6@PL#1, 0.522529879710433, 0.0, 3.674921931478257, 8.09943638721237, 51, 37.045059759420866
PL#1, 335, 15, 350, WS#1@PL#1, 0.3257409155333206, 12.166948624839174, 3.990253800170371, 8.499953034090437, 52, 12074.506983250623
PL#1, 335, 15, 350, WS#2@PL#1, 0.2735117341411969, 8.514534294554663, 4.074697323475089, 8.499953034090437, 52, 1494.0280440625702
PL#1, 335, 15, 350, WS#3@PL#1, 0.25155160695360546, 8.306493410312097, 4.03094869699986, 8.499953034090437, 52, 1036.7177509299818
PL#1, 335, 15, 350, WS#4@PL#1, 0.320334639154358, 14.07127831874339, 4.103030429344999, 8.499953034090437, 52, 1123.7282662461762
PL#1, 335, 15, 350, WS#5@PL#1, 0.29366080168697195, 10.754846356584604, 3.934616938697487, 8.499953034090437, 52, 1260.7512318473387
PL#1, 335, 15, 350, WS#6@PL#1, 0.5576711428677881, 8.833608134879302, 4.039103957807377, 8.499953034090437, 52, 614.2430769674191
PL#1, 124, 10, 134, WS#1@PL#1, 0.3214754154742186, 3.304674922464201, 3.9826020737688035, 7.202898753061341, 53, 925.5765384824042
PL#1, 124, 10, 134, WS#2@PL#1, 0.18926852178601297, 2.603752216365159, 4.096079381575954, 7.202898753061341, 53, 237.8524550089175
PL#1, 124, 10, 134, WS#3@PL#1, 0.38071786028777693, 2.5226216512568524, 3.872458900619586, 7.202898753061341, 53, 195.31077902406224
PL#1, 124, 10, 134, WS#4@PL#1, 0.2877407860333605, 2.8065954440182743, 4.086993334114987, 7.202898753061341, 53, 177.21691758431618
PL#1, 124, 10, 134, WS#5@PL#1, 0.4021237917042484, 1.2008155525314306, 3.974110034280027, 7.202898753061341, 53, 156.81338848200556
PL#1, 124, 10, 134, WS#6@PL#1, 0.20888990056819168, 1.6313449576135721, 4.0471683259999605, 7.202898753061341, 53, 158.20584954681783
PL#1, 121, 5, 126, WS#1@PL#1, 0.3227635715149439, 15.797581874187074, 4.0436952895299285, 9.196591579844785, 54, 5752.601614720501
PL#1, 121, 5, 126, WS#2@PL#1, 0.3081601775922458, 11.333639603789015, 4.1100037258864, 9.196591579844785, 54, 644.2455040695077
PL#1, 121, 5, 126, WS#3@PL#1, 0.35021494527615005, 13.45990470362949, 4.084024127595494, 9.196591579844785, 54, 1085.4254543542907
PL#1, 121, 5, 126, WS#4@PL#1, 0.30233675202257193, 9.59954211943578, 3.859906894433084, 9.196591579844785, 54, 419.9137993775786
PL#1, 121, 5, 126, WS#5@PL#1, 0.24061753195668611, 16.132340600981344, 3.9220962124768413, 9.196591579844785, 54, 522.8739633494163
PL#1, 121, 5, 126, WS#6@PL#1, 0.16417446659236745, 15.494179675700476, 4.082560281407879, 9.196591579844785, 54, 384.24686439299137
PL#1, 210, 10, 220, WS#1@PL#1, 0.34390186290175573, 14.991049140239593, 3.96060594187983, 8.842983449363482, 55, 9155.48070183967
PL#1, 210, 10, 220, WS#2@PL#1, 0.32625455134987547, 13.214791705434541, 4.047418266239263, 8.842983449363482, 55, 1559.1450947487133
PL#1, 210, 10, 220, WS#3@PL#1, 0.30893090787205735, 10.499813365147917, 4.039222873575782, 8.842983449363482, 55, 896.0784842572998
PL#1, 210, 10, 220, WS#4@PL#1, 0.3230594017432335, 14.599040837145271, 4.178630591121218, 8.842983449363482, 55, 783.2749230786283
PL#1, 210, 10, 220, WS#5@PL#1, 0.44168749106472305, 12.28793031827968, 4.076340309106577, 8.842983449363482, 55, 607.0196882037894
PL#1, 210, 10, 220, WS#6@PL#1, 0.3631391091320274, 12.991037078197781, 4.043164637534475, 8.842983449363482, 55, 780.9276609537039
PL#1, 700, 26, 726, WS#1@PL#1, 0.34067776986524845, 12.895546572465742, 4.004415174184906, 8.71858660307797, 56, 23981.102888644527
PL#1, 700, 26, 726, WS#2@PL#1, 0.3651040310260847, 9.399424492620406, 4.014026648371925, 8.71858660307797, 56, 3216.9207005202493
PL#1, 700, 26, 726, WS#3@PL#1, 0.3956727641359573, 9.702844115335171, 3.9918653713918903, 8.71858660307797, 56, 2591.559126510283
PL#1, 700, 26, 726, WS#4@PL#1, 0.432881574168119, 11.654389426689663, 3.920383262454945, 8.71858660307797, 56, 2144.670639438402
PL#1, 700, 26, 726, WS#5@PL#1, 0.3563159958073993, 11.103928726585433, 4.0173761155254315, 8.71858660307797, 56, 2193.4482950728593
PL#1, 700, 26, 726, WS#6@PL#1, 0.3834842004274405, 9.92075636114638, 3.967982890904749, 8.71858660307797, 56, 1432.9231003537566
PL#1, 333, 18, 351, WS#1@PL#1, 0.2981806586436929, 10.41322517816736, 4.009056181302344, 8.003850624634989, 57, 9710.736425748803
PL#1, 333, 18, 351, WS#2@PL#1, 0.35985226985281255, 9.51537671975501, 4.100787216694854, 8.003850624634989, 57, 1643.355132584324
PL#1, 333, 18, 351, WS#3@PL#1, 0.34053625370031376, 8.928964757861308, 4.024452756724136, 8.003850624634989, 57, 884.2721407300154
PL#1, 333, 18, 351, WS#4@PL#1, 0.2626071214561366, 7.968729107660869, 4.02634638731083, 8.003850624634989, 57, 895.5255257397282
PL#1, 333, 18, 351, WS#5@PL#1, 0.3778698129900647, 8.550430033186146, 3.905425245268963, 8.003850624634989, 57, 847.2904089205306
PL#1, 333, 18, 351, WS#6@PL#1, 0.2905995731525361, 8.811917622294027, 4.123010093252439, 8.003850624634989, 57, 700.964192755285
PL#1, 795, 51, 846, WS#1@PL#1, 0.3489433008176559, 12.689687113386942, 4.000860631864752, 8.739850911282412, 58, 27268.349410693216
PL#1, 795, 51, 846, WS#2@PL#1, 0.255758784763016, 12.29202737136581, 4.044034928884851, 8.739850911282412, 58, 2494.7544331149925
PL#1, 795, 51, 846, WS#3@PL#1, 0.3370615923878905, 9.772287975715635, 4.028271300244172, 8.739850911282412, 58, 2360.5168858292072
PL#1, 795, 51, 846, WS#4@PL#1, 0.21507573041636385, 10.112986331195197, 3.982138274969992, 8.739850911282412, 58, 1241.9572101616359
PL#1, 795, 51, 846, WS#5@PL#1, 0.3581160471435464, 11.345924541365001, 4.0207254500155845, 8.739850911282412, 58, 1602.754077676842
PL#1, 795, 51, 846, WS#6@PL#1, 0.4033271574073359, 13.946844654263627, 4.005967874908506, 8.739850911282412, 58, 1095.5170990233023
PL#1, 817, 56, 873, WS#1@PL#1, 0.3086235715126666, 10.996947777177404, 3.9934613609941225, 8.28264499146077, 59, 22691.800635562802
PL#1, 817, 56, 873, WS#2@PL#1, 0.2942570971791576, 7.644629833430747, 3.999178407141773, 8.28264499146077, 59, 2045.830333774103
PL#1, 817, 56, 873, WS#3@PL#1, 0.29912974245731233, 9.108910443370963, 4.038427808909304, 8.28264499146077, 59, 1691.5942681880376
PL#1, 817, 56, 873, WS#4@PL#1, 0.33766086976562515, 7.687834238966209, 3.9696529282687436, 8.28264499146077, 59, 1292.3882054171406
PL#1, 817, 56, 873, WS#5@PL#1, 0.3604703086838678, 11.035885417633597, 3.9405593178726352, 8.28264499146077, 59, 1005.1252077735915
PL#1, 817, 56, 873, WS#6@PL#1, 0.31819089793837274, 10.487670423773068, 4.084096149073483, 8.28264499146077, 59, 805.6541064510892
PL#1, 308, 9, 317, WS#1@PL#1, 0.34451557207359973, 12.408946413227422, 3.978154623370073, 8.530884945622656, 60, 9623.733788910204
PL#1, 308, 9, 317, WS#2@PL#1, 0.17323335938434586, 9.532802695120768, 4.057792048064064, 8.530884945622656, 60, 1218.3513043583146
PL#1, 308, 9, 317, WS#3@PL#1, 0.40916427758636725, 10.751674946462446, 4.096275412087327, 8.530884945622656, 60, 1132.2997247506485
PL#1, 308, 9, 317, WS#4@PL#1, 0.5214833965594634, 8.373470226958386, 4.07611558902136, 8.530884945622656, 60, 636.0693245502625
PL#1, 308, 9, 317, WS#5@PL#1, 0.3058279580082759, 11.828061318947373, 3.8884171572874395, 8.530884945622656, 60, 830.0537494901243
PL#1, 308, 9, 317, WS#6@PL#1, 0.29333619291838087, 13.798706556780868, 4.275041770349591, 8.530884945622656, 60, 737.1130600196495
PL#1, 806, 47, 853, WS#1@PL#1, 0.30897854344516357, 13.060265558364062, 4.007875007849249, 8.579591521917889, 61, 26370.767946967488
PL#1, 806, 47, 853, WS#2@PL#1, 0.32876869810816456, 9.686898296774883, 3.962033564050034, 8.579591521917889, 61, 3060.4258809794787
PL#1, 806, 47, 853, WS#3@PL#1, 0.36510328064980263, 12.435719606146739, 3.9753393478972296, 8.579591521917889, 61, 2900.421286413335
PL#1, 806, 47, 853, WS#4@PL#1, 0.3280263109683114, 11.806923107690775, 4.044985888114475, 8.579591521917889, 61, 1216.1151041793182
PL#1, 806, 47, 853, WS#5@PL#1, 0.40084503021860274, 14.618031794347388, 4.036583212879922, 8.579591521917889, 61, 1208.699732891951
PL#1, 806, 47, 853, WS#6@PL#1, 0.30935090990240566, 9.924628631819742, 4.086070613037713, 8.579591521917889, 61, 1059.125705900648
PL#1, 447, 22, 469, WS#1@PL#1, 0.3414910128279162, 14.27882430115594, 4.011523023131687, 9.157900263782974, 62, 17248.517529137953
PL#1, 447, 22, 469, WS#2@PL#1, 0.3321583073914397, 12.60107964245047, 4.082305098973828, 9.157900263782974, 62, 3239.8593158289505
PL#1, 447, 22, 469, WS#3@PL#1, 0.2930402757132587, 12.566384519757026, 4.019385164719581, 9.157900263782974, 62, 2173.2252550036505
PL#1, 447, 22, 469, WS#4@PL#1, 0.3487463844278835, 12.30320143794338, 3.865001127477833, 9.157900263782974, 62, 1205.437506816871
PL#1, 447, 22, 469, WS#5@PL#1, 0.5055537928558439, 15.75663264454475, 3.9017714677394046, 9.157900263782974, 62, 2012.7135676590003
PL#1, 447, 22, 469, WS#6@PL#1, 0.393326328015819, 11.845627898016673, 3.988468315365183, 9.157900263782974, 62, 1275.766334021157
PL#1, 93, 3, 96, WS#1@PL#1, 0.24633326251344959, 9.200765377618577, 3.997788349262993, 7.994589685784894, 63, 2451.3582039607422
PL#1, 93, 3, 96, WS#2@PL#1, 0.1886059030487017, 5.465225562165461, 4.002533513104218, 7.994589685784894, 63, 337.30647561405675
PL#1, 93, 3, 96, WS#3@PL#1, 0.28732915521135993, 6.728567972597655, 4.262360856072176, 7.994589685784894, 63, 239.83819843802593
PL#1, 93, 3, 96, WS#4@PL#1, 0.3095682515206213, 9.41584306087864, 4.245853160577073, 7.994589685784894, 63, 213.63497662095136
PL#1, 93, 3, 96, WS#5@PL#1, 0.13721684277215504, 9.18557771009924, 4.057004598467212, 7.994589685784894, 63, 209.67907815762533
PL#1, 93, 3, 96, WS#6@PL#1, 0.0, 5.28517269821262, 3.8471002627322957, 7.994589685784894, 63, 127.57034539642524
PL#1, 672, 32, 704, WS#1@PL#1, 0.34110321502484287, 11.177829017801466, 3.993910869875359, 8.26436237531444, 64, 19722.465210196202
PL#1, 672, 32, 704, WS#2@PL#1, 0.36554504887007644, 8.132904144084636, 3.985030518996514, 8.26436237531444, 64, 2841.582029687793
PL#1, 672, 32, 704, WS#3@PL#1, 0.26281592568038753, 8.26692595520001, 4.0185015883432085, 8.26436237531444, 64, 1928.8063468753776
PL#1, 672, 32, 704, WS#4@PL#1, 0.3082909684053048, 8.432440764480742, 3.9962189654214546, 8.26436237531444, 64, 1595.649861321198
PL#1, 672, 32, 704, WS#5@PL#1, 0.3507868280724509, 10.683405295971788, 4.02527161260696, 8.26436237531444, 64, 2107.4432559518023
PL#1, 672, 32, 704, WS#6@PL#1, 0.4158061091111277, 10.163189335763969, 4.05285671889039, 8.26436237531444, 64, 1407.3652975474215
PL#1, 798, 35, 833, WS#1@PL#1, 0.3117469374655596, 12.235530389750053, 4.0073375748029445, 8.765361834078197, 65, 25497.527387529935
PL#1, 798, 35, 833, WS#2@PL#1, 0.3468539874922097, 9.790064145862278, 3.992698359097358, 8.765361834078197, 65, 2735.1651380619096
PL#1, 798, 35, 833, WS#3@PL#1, 0.39055401664592054, 8.17969452027279, 4.009526552046908, 8.765361834078197, 65, 1522.2481684626139
PL#1, 798, 35, 833, WS#4@PL#1, 0.24634708319792584, 11.062831759843387, 4.050222011074668, 8.765361834078197, 65, 1091.055230794194
PL#1, 798, 35, 833, WS#5@PL#1, 0.34901797928429606, 10.851797270337128, 4.053340954611054, 8.765361834078197, 65, 1445.3509049180198
PL#1, 798, 35, 833, WS#6@PL#1, 0.3350865952215762, 9.953854235592038, 4.036027113530014, 8.765361834078197, 65, 883.9812510174172
PL#1, 600, 31, 631, WS#1@PL#1, 0.3265625306531739, 13.061098447570341, 3.9915215810653164, 8.598066297706362, 66, 21990.705736918528
PL#1, 600, 31, 631, WS#2@PL#1, 0.32515166218548675, 9.69401975754032, 4.049811835653791, 8.598066297706362, 66, 2573.4817809049996
PL#1, 600, 31, 631, WS#3@PL#1, 0.3058238454793793, 9.449536902748859, 3.9981166499754877, 8.598066297706362, 66, 2070.4157055947007
PL#1, 600, 31, 631, WS#4@PL#1, 0.3035647419754619, 10.963498414507564, 3.9930510241916712, 8.598066297706362, 66, 1510.9090543710877
PL#1, 600, 31, 631, WS#5@PL#1, 0.4132411828253199, 10.917250424867047, 4.0058589094140045, 8.598066297706362, 66, 1862.7170552727223
PL#1, 600, 31, 631, WS#6@PL#1, 0.2638018330739586, 12.19464841088437, 4.077818725732824, 8.598066297706362, 66, 1400.2042398507913
PL#1, 222, 8, 230, WS#1@PL#1, 0.3052864746185866, 12.502984743419379, 4.022432154039198, 8.570160210306861, 67, 7925.691835767914
PL#1, 222, 8, 230, WS#2@PL#1, 0.3441014580412715, 7.30130357385328, 4.07523542025677, 8.570160210306861, 67, 1000.7215764823644
PL#1, 222, 8, 230, WS#3@PL#1, 0.4403649525065596, 9.24728847325148, 3.9744028506019586, 8.570160210306861, 67, 744.8873432826265
PL#1, 222, 8, 230, WS#4@PL#1, 0.3562854938155028, 9.485089354165057, 4.023269830537323, 8.570160210306861, 67, 756.4610371525923
PL#1, 222, 8, 230, WS#5@PL#1, 0.37109818583263543, 16.180219933995332, 3.7726375737450506, 8.570160210306861, 67, 572.4705479269118
PL#1, 222, 8, 230, WS#6@PL#1, 0.36013851855759393, 7.708648546586593, 3.8431833981285313, 8.570160210306861, 67, 575.8901684744241
PL#1, 660, 39, 699, WS#1@PL#1, 0.35324893426595383, 14.21420070249875, 4.012357046578236, 9.016356511426, 68, 26736.327448676086
PL#1, 660, 39, 699, WS#2@PL#1, 0.34266728804961366, 12.804836292982598, 3.983770393980457, 9.016356511426, 68, 3652.742674114007
PL#1, 660, 39, 699, WS#3@PL#1, 0.3419639239087852, 10.293183614590514, 4.032700823782981, 9.016356511426, 68, 2319.580925305203
PL#1, 660, 39, 699, WS#4@PL#1, 0.26322575486899424, 17.500485808400605, 3.9406275860089597, 9.016356511426, 68, 2443.047273057877
PL#1, 660, 39, 699, WS#5@PL#1, 0.3340005715044157, 15.355365757522483, 4.008383337521214, 9.016356511426, 68, 2397.597321554904
PL#1, 660, 39, 699, WS#6@PL#1, 0.2933327178760825, 16.69761471375627, 4.066445795143434, 9.016356511426, 68, 1862.945435738906
PL#1, 264, 12, 276, WS#1@PL#1, 0.3489924535894175, 15.414605295782678, 4.021913977656601, 9.566214283296096, 69, 11003.076791542497
PL#1, 264, 12, 276, WS#2@PL#1, 0.268777372610066, 13.79262864035754, 3.9424909409461115, 9.566214283296096, 69, 1938.9288803351308
PL#1, 264, 12, 276, WS#3@PL#1, 0.4186565447157244, 11.29693530919844, 3.8968055359911475, 9.566214283296096, 69, 1090.4463948700045
PL#1, 264, 12, 276, WS#4@PL#1, 0.2048259643609048, 13.803118144806167, 4.047600507559535, 9.566214283296096, 69, 998.1723904472491
PL#1, 264, 12, 276, WS#5@PL#1, 0.18962901464263549, 14.504260897553223, 3.9946258932626435, 9.566214283296096, 69, 1380.5219560776504
PL#1, 264, 12, 276, WS#6@PL#1, 0.16014279841881846, 16.340024668779733, 3.995785708979891, 9.566214283296096, 69, 656.9211580301293
PL#1, 820, 54, 874, WS#1@PL#1, 0.3584555981000568, 14.36124859574712, 3.9902058586508535, 8.361551484229851, 70, 30139.278534293477
PL#1, 820, 54, 874, WS#2@PL#1, 0.2559381993204143, 11.205378745467417, 3.961446413783825, 8.361551484229851, 70, 2971.016898769419
PL#1, 820, 54, 874, WS#3@PL#1, 0.38120693359056246, 10.13008967692704, 3.9855812465738505, 8.361551484229851, 70, 1678.4890190276099
PL#1, 820, 54, 874, WS#4@PL#1, 0.31342145087433776, 11.041125013552177, 3.9839225847131807, 8.361551484229851, 70, 1179.7618949627608
PL#1, 820, 54, 874, WS#5@PL#1, 0.3050140839339957, 12.596607071437521, 3.9640064009026186, 8.361551484229851, 70, 1495.2450428637133
PL#1, 820, 54, 874, WS#6@PL#1, 0.365535796624745, 15.632555439953688, 3.9196832380215065, 8.361551484229851, 70, 1353.9036985482605
PL#1, 810, 34, 844, WS#1@PL#1, 0.33069659227703996, 12.571931042528162, 3.9819736840944695, 8.579987992478761, 71, 26472.436508416973
PL#1, 810, 34, 844, WS#2@PL#1, 0.3681067742600703, 9.843961578133136, 4.048582396702561, 8.579987992478761, 71, 2908.848974941545
PL#1, 810, 34, 844, WS#3@PL#1, 0.2571018951383648, 12.238837239824173, 3.96865780856509, 8.579987992478761, 71, 1944.020359697754
PL#1, 810, 34, 844, WS#4@PL#1, 0.2856406180446444, 9.88608540900901, 3.902818663658702, 8.579987992478761, 71, 1200.040998747224
PL#1, 810, 34, 844, WS#5@PL#1, 0.3791694395441844, 10.289544552119958, 3.9731121879757696, 8.579987992478761, 71, 1948.842814501231
PL#1, 810, 34, 844, WS#6@PL#1, 0.28420707006852125, 11.361105453582526, 4.003239841058862, 8.579987992478761, 71, 938.7158239454802
PL#1, 816, 51, 867, WS#1@PL#1, 0.33486002464416825, 13.083378363287325, 4.002046373704553, 8.549071890752659, 72, 27888.40604652861
PL#1, 816, 51, 867, WS#2@PL#1, 0.38020517974936985, 8.828660266398172, 3.992080971821074, 8.549071890752659, 72, 2663.0458767499276
PL#1, 816, 51, 867, WS#3@PL#1, 0.23076238902894192, 10.677662933518297, 4.027817076367695, 8.549071890752659, 72, 1866.9130836043125
PL#1, 816, 51, 867, WS#4@PL#1, 0.38768639400050653, 11.235458648831978, 3.9802601818916807, 8.549071890752659, 72, 1438.9215266156768
PL#1, 816, 51, 867, WS#5@PL#1, 0.37775887362982763, 10.079962382089215, 3.9382071486383805, 8.549071890752659, 72, 1325.5054646167912
PL#1, 816, 51, 867, WS#6@PL#1, 0.4391859859215465, 11.447996273339621, 4.112407564045168, 8.549071890752659, 72, 974.3680805522531
PL#1, 821, 44, 865, WS#1@PL#1, 0.328179945922615, 12.211168007347963, 3.9756974191747867, 8.439330625254614, 73, 25206.241936518676
PL#1, 821, 44, 865, WS#2@PL#1, 0.41112850740700263, 9.460805141978216, 3.9801768465480976, 8.439330625254614, 73, 2686.447832871172
PL#1, 821, 44, 865, WS#3@PL#1, 0.3426438370066577, 8.749202134067117, 3.961555311653579, 8.439330625254614, 73, 1779.6740092137973
PL#1, 821, 44, 865, WS#4@PL#1, 0.30831392852604445, 8.806248099123334, 4.0161538187537085, 8.439330625254614, 73, 1124.6946429873162
PL#1, 821, 44, 865, WS#5@PL#1, 0.28297412566617147, 10.180805120162008, 4.0126946270634445, 8.439330625254614, 73, 945.1232948248899
PL#1, 821, 44, 865, WS#6@PL#1, 0.4380004048182135, 10.08683673143688, 3.9881665770196757, 8.439330625254614, 73, 678.4332360145623
PL#1, 103, 5, 108, WS#1@PL#1, 0.34163561020716593, 7.116485852339889, 4.018428306905465, 7.718174062637826, 74, 2168.6050255075797
PL#1, 103, 5, 108, WS#2@PL#1, 0.3856808233355382, 6.510963130571467, 3.977254781512995, 7.718174062637826, 74, 324.41434050382827
PL#1, 103, 5, 108, WS#3@PL#1, 0.09916874033084373, 5.184150629561239, 4.085503416630791, 7.718174062637826, 74, 178.1390125166049
PL#1, 103, 5, 108, WS#4@PL#1, 0.24594558263162156, 2.608226019154297, 4.102825234168358, 7.718174062637826, 74, 163.74489218131828
PL#1, 103, 5, 108, WS#5@PL#1, 0.3392923867802595, 8.284342909728512, 3.9442211218835475, 7.718174062637826, 74, 211.89706057830745
PL#1, 103, 5, 108, WS#6@PL#1, 0.21481960255445998, 2.894396477875741, 3.936639332519396, 7.718174062637826, 74, 143.79601807236338
PL#1, 91, 7, 98, WS#1@PL#1, 0.29364216677417826, 4.387948590937911, 3.9654371984889387, 7.222834027785484, 75, 965.614321286589
PL#1, 91, 7, 98, WS#2@PL#1, 0.3192738817899541, 6.267856207380413, 3.9601524739913034, 7.222834027785484, 75, 440.6754526560007
PL#1, 91, 7, 98, WS#3@PL#1, 0.204991202417703, 2.8826657016726096, 3.7522666482916303, 7.222834027785484, 75, 140.08156024332084
PL#1, 91, 7, 98, WS#4@PL#1, 0.6144755417857208, 5.909347255511042, 3.876096352667113, 7.222834027785484, 75, 170.55137472225329
PL#1, 91, 7, 98, WS#5@PL#1, 0.3799622637712501, 3.131763420645086, 3.9481605286810946, 7.222834027785484, 75, 116.78337589637518
PL#1, 91, 7, 98, WS#6@PL#1, 0.25709533765974824, 1.1625185712678185, 4.074358289365557, 7.222834027785484, 75, 117.0034927782459
PL#1, 603, 30, 633, WS#1@PL#1, 0.3087532804919245, 13.966300648803285, 3.969209838249178, 8.838531744324744, 76, 24073.265428576127
PL#1, 603, 30, 633, WS#2@PL#1, 0.4486702443298909, 10.873660533409023, 4.009445046790674, 8.838531744324744, 76, 3234.7020688576554
PL#1, 603, 30, 633, WS#3@PL#1, 0.31112412872277156, 9.519928831508613, 3.9830742627780915, 8.838531744324744, 76, 2200.5675451028665
PL#1, 603, 30, 633, WS#4@PL#1, 0.3680874932375323, 9.93178894498734, 3.92258386342927, 8.838531744324744, 76, 1429.2768701527655
PL#1, 603, 30, 633, WS#5@PL#1, 0.4443621841416387, 12.740317596892872, 4.004572052577788, 8.838531744324744, 76, 2580.9010668099036
PL#1, 603, 30, 633, WS#6@PL#1, 0.34189538473162556, 11.184125280373415, 4.0633314367235345, 8.838531744324744, 76, 1419.2266508799487
PL#1, 501, 24, 525, WS#1@PL#1, 0.33409611710889225, 15.460696382544198, 3.9882064927255074, 9.751661605531302, 77, 22191.535146077953
PL#1, 501, 24, 525, WS#2@PL#1, 0.30674629982361634, 12.780181571217705, 4.008330626414182, 9.751661605531302, 77, 3779.6995829295693
PL#1, 501, 24, 525, WS#3@PL#1, 0.2938987658129626, 13.325129080921174, 4.026884732009893, 9.751661605531302, 77, 2576.3402035728786
PL#1, 501, 24, 525, WS#4@PL#1, 0.2656834805212804, 13.355380582543962, 4.033391795783211, 9.751661605531302, 77, 1832.9391336312915
PL#1, 501, 24, 525, WS#5@PL#1, 0.38345288847683495, 16.623413109723504, 3.868471325160841, 9.751661605531302, 77, 2114.8991323172813
PL#1, 501, 24, 525, WS#6@PL#1, 0.31059731799072166, 13.285251038333998, 4.021922214285883, 9.751661605531302, 77, 1425.080031326611
PL#1, 800, 50, 850, WS#1@PL#1, 0.3311517476071314, 14.959074474785053, 4.001491152087841, 8.700578713609797, 78, 31710.5640260691
PL#1, 800, 50, 850, WS#2@PL#1, 0.3791316456745399, 12.307701155579569, 4.046378983091828, 8.700578713609797, 78, 3227.475267433249
PL#1, 800, 50, 850, WS#3@PL#1, 0.29778811594853816, 13.98908121670195, 4.0202179658490005, 8.700578713609797, 78, 2723.1131876345826
PL#1, 800, 50, 850, WS#4@PL#1, 0.3254796993303681, 10.06734930591992, 4.088066712196692, 8.700578713609797, 78, 1363.020434064475
PL#1, 800, 50, 850, WS#5@PL#1, 0.32446010704530354, 12.290169167685626, 3.9531523162164106, 8.700578713609797, 78, 1611.349316295034
PL#1, 800, 50, 850, WS#6@PL#1, 0.2294169709198168, 13.340818615257382, 4.0340817305237575, 8.700578713609797, 78, 1126.3641879546155
PL#1, 139, 11, 150, WS#1@PL#1, 0.36351925127863177, 11.849729481325511, 3.9601962257977585, 9.42630948196492, 79, 4285.049965495024
PL#1, 139, 11, 150, WS#2@PL#1, 0.25415307863924674, 12.312451894585443, 4.038984337845002, 9.42630948196492, 79, 935.7803383042406
PL#1, 139, 11, 150, WS#3@PL#1, 0.33326440200294744, 13.569670220394924, 3.989946348620387, 9.42630948196492, 79, 821.2044165501842
PL#1, 139, 11, 150, WS#4@PL#1, 0.42561987014851965, 7.049511355540434, 3.937076731139642, 9.42630948196492, 79, 368.0188513643071
PL#1, 139, 11, 150, WS#5@PL#1, 0.27930559734904126, 18.948681192001676, 3.9306942590099734, 9.42630948196492, 79, 1372.0526786828962
PL#1, 139, 11, 150, WS#6@PL#1, 0.3845556591170794, 15.549713342262748, 3.838081958686519, 9.42630948196492, 79, 385.0575610392067
PL#1, 802, 53, 855, WS#1@PL#1, 0.3460491960274497, 13.224934337887388, 3.9883192536575933, 8.376723904373666, 80, 27274.721597501284
PL#1, 802, 53, 855, WS#2@PL#1, 0.3592584794344012, 9.967738965275117, 4.058429311406897, 8.376723904373666, 80, 3108.6805201658754
PL#1, 802, 53, 855, WS#3@PL#1, 0.26811484078873093, 10.500942586927968, 3.9942096108943193, 8.376723904373666, 80, 1775.4191779170253
PL#1, 802, 53, 855, WS#4@PL#1, 0.463940306884264, 11.439674529966119, 3.9928752096529965, 8.376723904373666, 80, 1230.2352318380108
PL#1, 802, 53, 855, WS#5@PL#1, 0.37998283886805473, 13.204092192482253, 3.895552306439756, 8.376723904373666, 80, 1042.0786418573934
PL#1, 802, 53, 855, WS#6@PL#1, 0.2805957107705444, 11.611246618005744, 3.92263834308019, 8.376723904373666, 80, 1050.9047055466983
PL#1, 403, 18, 421, WS#1@PL#1, 0.31347653527947833, 13.037784106797572, 4.004863844908955, 8.735162386775212, 81, 15281.69138106176
PL#1, 403, 18, 421, WS#2@PL#1, 0.3752390906469008, 9.48897771214066, 3.9872813013955013, 8.735162386775212, 81, 2059.0944102703716
PL#1, 403, 18, 421, WS#3@PL#1, 0.23799328624810778, 12.281080151093143, 4.029637373503918, 8.735162386775212, 81, 1819.602388595843
PL#1, 403, 18, 421, WS#4@PL#1, 0.296679218898471, 12.987960781505942, 3.9104392966542476, 8.735162386775212, 81, 1428.7941598644868
PL#1, 403, 18, 421, WS#5@PL#1, 0.44061995576953805, 12.883450911053291, 3.9635444921168053, 8.735162386775212, 81, 1475.3065266217955
PL#1, 403, 18, 421, WS#6@PL#1, 0.2967988528151481, 12.81740414842112, 3.9842322622283475, 8.735162386775212, 81, 1440.7114837729177
PL#1, 802, 49, 851, WS#1@PL#1, 0.3267867338917935, 13.746701175150857, 4.001474768653278, 8.678813305058343, 82, 28724.071632845917
PL#1, 802, 49, 851, WS#2@PL#1, 0.2522827110766867, 9.879229977705027, 4.034821481234071, 8.678813305058343, 82, 2719.2708667339352
PL#1, 802, 49, 851, WS#3@PL#1, 0.3538968970167888, 10.259139244533657, 4.0726198096492014, 8.678813305058343, 82, 1656.6798456971069
PL#1, 802, 49, 851, WS#4@PL#1, 0.4159164155655442, 11.569220456840657, 4.0738213010215345, 8.678813305058343, 82, 1150.0043449774407
PL#1, 802, 49, 851, WS#5@PL#1, 0.34091703936876766, 11.909172393058858, 3.9766670119621104, 8.678813305058343, 82, 1602.9883584966312
PL#1, 802, 49, 851, WS#6@PL#1, 0.2506130457375933, 11.699322068199782, 4.084853760408679, 8.678813305058343, 82, 1105.2497614170065
PL#1, 603, 30, 633, WS#1@PL#1, 0.35280175900795296, 14.409606996841653, 3.9870513305166146, 8.901921776274387, 83, 25216.367668616065
PL#1, 603, 30, 633, WS#2@PL#1, 0.3298591424583525, 9.600904221324106, 4.071992885290534, 8.901921776274387, 83, 3394.0878011681343
PL#1, 603, 30, 633, WS#3@PL#1, 0.3118332401567516, 12.125962792832857, 4.0397211959508175, 8.901921776274387, 83, 2495.860787642243
PL#1, 603, 30, 633, WS#4@PL#1, 0.2754697648939379, 12.039950143241876, 3.997372799761203, 8.901921776274387, 83, 1780.0607768086065
PL#1, 603, 30, 633, WS#5@PL#1, 0.2940312312834763, 10.50825031651091, 4.039551587518516, 8.901921776274387, 83, 2412.9153607560506
PL#1, 603, 30, 633, WS#6@PL#1, 0.28230101578098843, 15.103772093148404, 4.092304855977343, 8.901921776274387, 83, 1848.7808627728841
PL#1, 755, 46, 801, WS#1@PL#1, 0.3535458979452665, 15.547041843557526, 3.9932974418274156, 9.138762513359676, 84, 31950.442280529955
PL#1, 755, 46, 801, WS#2@PL#1, 0.3506913166967368, 13.078649786443233, 4.052418002756631, 9.138762513359676, 84, 4951.4812708071195
PL#1, 755, 46, 801, WS#3@PL#1, 0.3844619813227973, 13.80341202873468, 4.024327096552108, 9.138762513359676, 84, 4285.668232185151
PL#1, 755, 46, 801, WS#4@PL#1, 0.37645181994075666, 13.039654254979801, 4.002435764027772, 9.138762513359676, 84, 2984.08551955456
PL#1, 755, 46, 801, WS#5@PL#1, 0.3623641874374081, 13.59825435053358, 3.976270333669778, 9.138762513359676, 84, 2658.3074131379685
PL#1, 755, 46, 801, WS#6@PL#1, 0.22111586792329377, 15.14139849351032, 3.9277884742687554, 9.138762513359676, 84, 2292.477008460737
PL#1, 444, 24, 468, WS#1@PL#1, 0.33609144089053716, 12.905522291893545, 4.024314286144786, 8.704983540216338, 85, 14542.808503935712
PL#1, 444, 24, 468, WS#2@PL#1, 0.32386436173293937, 8.636949489949052, 3.995477062323074, 8.704983540216338, 85, 2122.719110319352
PL#1, 444, 24, 468, WS#3@PL#1, 0.46155891756102063, 9.81578046727536, 3.9886865508298066, 8.704983540216338, 85, 1646.582352998827
PL#1, 444, 24, 468, WS#4@PL#1, 0.3549828271368187, 11.526621056852019, 4.016661089189209, 8.704983540216338, 85, 1489.2942895723083
PL#1, 444, 24, 468, WS#5@PL#1, 0.47279171212315063, 12.720359051987066, 3.897502938526301, 8.704983540216338, 85, 1533.3119553449874
PL#1, 444, 24, 468, WS#6@PL#1, 0.4732190141369006, 12.643621704018747, 4.002725266680258, 8.704983540216338, 85, 995.0349851204171
PL#1, 850, 36, 886, WS#1@PL#1, 0.3213119734285368, 11.648485356101387, 4.008965266710435, 8.324609770718883, 86, 24286.275719067387
PL#1, 850, 36, 886, WS#2@PL#1, 0.3531786916789111, 8.91438434040764, 4.001038181057371, 8.324609770718883, 86, 2502.21499766749
PL#1, 850, 36, 886, WS#3@PL#1, 0.2633480359521697, 8.88954727532195, 4.009627125914101, 8.324609770718883, 86, 1396.2499042445024
PL#1, 850, 36, 886, WS#4@PL#1, 0.2894217330541609, 8.107949826158116, 3.954164137122123, 8.324609770718883, 86, 1261.6482512157872
PL#1, 850, 36, 886, WS#5@PL#1, 0.32857674398453884, 11.182876421973136, 4.000651125437485, 8.324609770718883, 86, 1285.3623679124428
PL#1, 850, 36, 886, WS#6@PL#1, 0.33781658788107194, 10.219419531984864, 3.949551579919192, 8.324609770718883, 86, 824.6477109042916
PL#1, 786, 42, 828, WS#1@PL#1, 0.33867274460899865, 15.26719422056527, 4.012889738414755, 8.939777991180835, 87, 31621.422909678844
PL#1, 786, 42, 828, WS#2@PL#1, 0.355010653613862, 12.386205605653627, 4.052711709480754, 8.939777991180835, 87, 4027.3310423763296
PL#1, 786, 42, 828, WS#3@PL#1, 0.41302802306729147, 13.019835575168186, 4.011603103016046, 8.939777991180835, 87, 2830.870745274356
PL#1, 786, 42, 828, WS#4@PL#1, 0.3875423117282999, 12.142687049111876, 3.965329487876972, 8.939777991180835, 87, 1277.1785186415823
PL#1, 786, 42, 828, WS#5@PL#1, 0.349973419007448, 16.128621567397907, 3.9013154445464737, 8.939777991180835, 87, 2106.170086074929
PL#1, 786, 42, 828, WS#6@PL#1, 0.37664858776381993, 18.470497313905256, 4.01901888062929, 8.939777991180835, 87, 1152.3271566296382
PL#1, 8, 1, 9, WS#1@PL#1, 0.5292442849237959, 2.1006469350012633, 4.194575465993704, 9.8494293623446, 88, 80.6494807194207
PL#1, 8, 1, 9, WS#2@PL#1, 0.0, 0.0, 4.480026738801805, 9.8494293623446, 88, 26
PL#1, 8, 1, 9, WS#3@PL#1, 0.004789531324103535, 0.0, 4.177485833348184, 9.8494293623446, 88, 26.004789531324104
PL#1, 8, 1, 9, WS#4@PL#1, 0.42420469586537735, 0.0, 3.9447398550927546, 9.8494293623446, 88, 26.424204695865377
PL#1, 8, 1, 9, WS#5@PL#1, 0.0, 0.0, 3.684700930171965, 9.8494293623446, 88, 26
PL#1, 8, 1, 9, WS#6@PL#1, 0.5435897583864495, 0.0, 3.996235097311632, 9.8494293623446, 88, 26.54358975838645
PL#1, 143, 4, 147, WS#1@PL#1, 0.3736273125181709, 6.19566092941788, 3.9914710213802853, 7.609547020988319, 89, 2044.4389058430909
PL#1, 143, 4, 147, WS#2@PL#1, 0.21451425317341943, 2.462037436718917, 3.945629808389113, 7.609547020988319, 89, 262.3461078865733
PL#1, 143, 4, 147, WS#3@PL#1, 0.3808358397946684, 3.5115254711408217, 4.085380763348586, 7.609547020988319, 89, 231.11163767950814
PL#1, 143, 4, 147, WS#4@PL#1, 0.2907040976417017, 6.006529497397735, 4.040131710987867, 7.609547020988319, 89, 228.39092775511097
PL#1, 143, 4, 147, WS#5@PL#1, 0.21708149102636418, 4.148302377355284, 3.9134205471471732, 7.609547020988319, 89, 208.78551271971102
PL#1, 143, 4, 147, WS#6@PL#1, 0.2572804660993288, 2.8278176745298444, 4.109616196645806, 7.609547020988319, 89, 208.1622521044111
PL#1, 827, 39, 866, WS#1@PL#1, 0.3121246383348665, 12.912649069133145, 4.009314178363267, 8.36721335517559, 90, 27888.25936046967
PL#1, 827, 39, 866, WS#2@PL#1, 0.3077027432974555, 10.070015796233598, 4.0079508164698305, 8.36721335517559, 90, 3457.4843230169786
PL#1, 827, 39, 866, WS#3@PL#1, 0.31280299946221124, 10.125687365399624, 4.03453940625791, 8.36721335517559, 90, 1693.6890256342883
PL#1, 827, 39, 866, WS#4@PL#1, 0.33216024418843065, 10.344294992149845, 4.143842476106334, 8.36721335517559, 90, 982.3285365877383
PL#1, 827, 39, 866, WS#5@PL#1, 0.2863749153446928, 14.44902590425045, 4.033517165103872, 8.36721335517559, 90, 1540.474368226233
PL#1, 827, 39, 866, WS#6@PL#1, 0.3309197167495518, 10.6110279144478, 3.9393594861685353, 8.36721335517559, 90, 879.0391213369575
PL#1, 846, 39, 885, WS#1@PL#1, 0.32871473312075833, 14.630469610308348, 4.008555951119877, 8.417157410251432, 91, 30999.465111921334
PL#1, 846, 39, 885, WS#2@PL#1, 0.3694835789578002, 13.340431681571014, 4.0198803580432605, 8.417157410251432, 91, 3148.6723375906267
PL#1, 846, 39, 885, WS#3@PL#1, 0.3165437583852245, 11.169914033810834, 3.942355617869388, 8.417157410251432, 91, 2046.8522795225215
PL#1, 846, 39, 885, WS#4@PL#1, 0.33752818505879045, 12.192462503434683, 4.036137794963514, 8.417157410251432, 91, 1645.6034619373052
PL#1, 846, 39, 885, WS#5@PL#1, 0.2643381040592738, 14.21580123230351, 3.9671551774942206, 8.417157410251432, 91, 1942.3364631312927
PL#1, 846, 39, 885, WS#6@PL#1, 0.37405970790613763, 13.921428240020978, 4.01148420628303, 8.417157410251432, 91, 1178.0033454436034
PL#1, 453, 18, 471, WS#1@PL#1, 0.3331753113553106, 12.927865785650228, 3.991621430355251, 8.725376006620378, 92, 16643.131198243165
PL#1, 453, 18, 471, WS#2@PL#1, 0.336686317599276, 9.970505222479563, 4.088781740961562, 8.725376006620378, 92, 2595.1426444688495
PL#1, 453, 18, 471, WS#3@PL#1, 0.37986497644384604, 10.023675158775113, 4.044534750604272, 8.725376006620378, 92, 1621.0595160414887
PL#1, 453, 18, 471, WS#4@PL#1, 0.3942842684992053, 9.235993183858612, 4.016073074961754, 8.725376006620378, 92, 1336.2371264463904
PL#1, 453, 18, 471, WS#5@PL#1, 0.2256560167339402, 12.32414683223142, 3.895014447591963, 8.725376006620378, 92, 1758.1799041954273
PL#1, 453, 18, 471, WS#6@PL#1, 0.21043480743195306, 10.329228533168795, 3.9616329311085536, 8.725376006620378, 92, 924.5085530094905
PL#1, 718, 40, 758, WS#1@PL#1, 0.3251576731606964, 12.159048594601888, 3.9920987560668912, 8.46259251817888, 93, 23406.976673916215
PL#1, 718, 40, 758, WS#2@PL#1, 0.294106369235548, 10.313980756462614, 4.038551459823021, 8.46259251817888, 93, 3632.341880573126
PL#1, 718, 40, 758, WS#3@PL#1, 0.3602602589505506, 10.372473526417412, 3.990472567375178, 8.46259251817888, 93, 2444.560918802733
PL#1, 718, 40, 758, WS#4@PL#1, 0.432073824262581, 9.758267452229425, 4.012995656465389, 8.46259251817888, 93, 1590.9895451126586
PL#1, 718, 40, 758, WS#5@PL#1, 0.22929009631720068, 13.616314065498623, 4.005416097789153, 8.46259251817888, 93, 1994.977104815645
PL#1, 718, 40, 758, WS#6@PL#1, 0.31746748513506307, 12.599540404917406, 3.9930684227959907, 8.46259251817888, 93, 1914.5116629059285
PL#1, 725, 34, 759, WS#1@PL#1, 0.3569293346508591, 10.873704831570276, 4.005306719753916, 8.540110596617398, 94, 20924.78189108369
PL#1, 725, 34, 759, WS#2@PL#1, 0.4230284774832456, 8.992270614838386, 3.9958900427690667, 8.540110596617398, 94, 3886.446783725796
PL#1, 725, 34, 759, WS#3@PL#1, 0.2714138930548506, 8.701292029076981, 3.998086866481258, 8.540110596617398, 94, 2666.060373381854
PL#1, 725, 34, 759, WS#4@PL#1, 0.3612688538665894, 9.653668124585316, 4.025065419621083, 8.540110596617398, 94, 1908.929399741938
PL#1, 725, 34, 759, WS#5@PL#1, 0.3575770507116797, 12.018771549640853, 4.066654091265312, 8.540110596617398, 94, 2373.659863526823
PL#1, 725, 34, 759, WS#6@PL#1, 0.33520173083992183, 11.306543755362519, 3.9643907008600783, 8.540110596617398, 94, 1559.8187741586644
PL#1, 821, 47, 868, WS#1@PL#1, 0.3325031954989824, 11.339999678272973, 4.00264942718379, 8.413585590930936, 95, 23595.98605481214
PL#1, 821, 47, 868, WS#2@PL#1, 0.2939006236430876, 10.638664493917524, 3.9524477773774978, 8.413585590930936, 95, 2588.664037462909
PL#1, 821, 47, 868, WS#3@PL#1, 0.28603791601256984, 10.30537518579234, 3.9666868895199974, 8.413585590930936, 95, 1929.0994149459154
PL#1, 821, 47, 868, WS#4@PL#1, 0.3217470371019037, 10.707216310848393, 3.9949648482584412, 8.413585590930936, 95, 1186.8027112321765
PL#1, 821, 47, 868, WS#5@PL#1, 0.36836220017099797, 10.671357210634113, 3.959973124712934, 8.413585590930936, 95, 1440.64437002993
PL#1, 821, 47, 868, WS#6@PL#1, 0.31180286380936856, 11.794178687239475, 4.032031997313141, 8.413585590930936, 95, 1258.9134210340467
PL#1, 237, 13, 250, WS#1@PL#1, 0.32876918878239536, 10.55989229931641, 4.020524753098812, 9.038884730687677, 96, 7646.654757279335
PL#1, 237, 13, 250, WS#2@PL#1, 0.416779538317306, 9.928156862516774, 4.004386988958061, 9.038884730687677, 96, 1329.6733544365186
PL#1, 237, 13, 250, WS#3@PL#1, 0.3539375453729301, 12.861842749036796, 4.012429626676258, 9.038884730687677, 96, 1012.2025091739539
PL#1, 237, 13, 250, WS#4@PL#1, 0.36969381369439924, 10.890732176042917, 3.9082476702732856, 9.038884730687677, 96, 598.116587086671
PL#1, 237, 13, 250, WS#5@PL#1, 0.4506253988170788, 11.566219954662717, 4.118825185594423, 9.038884730687677, 96, 780.0563029723136
PL#1, 237, 13, 250, WS#6@PL#1, 0.19606020727446113, 14.774177065756104, 4.114633879470447, 9.038884730687677, 96, 874.5950897423787
PL#1, 355, 20, 375, WS#1@PL#1, 0.34347519515884783, 12.508306981722535, 3.9504623317208347, 8.59813708331725, 97, 12472.184174097092
PL#1, 355, 20, 375, WS#2@PL#1, 0.3478904714607781, 11.726387487062203, 3.8957332356676737, 8.59813708331725, 97, 1723.5125425345973
PL#1, 355, 20, 375, WS#3@PL#1, 0.4982414360735901, 8.7113586670298, 3.9303681525112, 8.59813708331725, 97, 1359.8706059905571
PL#1, 355, 20, 375, WS#4@PL#1, 0.44905905440613303, 17.417664263417432, 4.179217788847385, 8.59813708331725, 97, 1301.4756856061208
PL#1, 355, 20, 375, WS#5@PL#1, 0.1642874813078866, 13.049735364659329, 3.9961621427770537, 8.59813708331725, 97, 1029.5878515126396
PL#1, 355, 20, 375, WS#6@PL#1, 0.27577203002721024, 18.140478451443652, 4.071823039540269, 8.59813708331725, 97, 1263.9439570366528
PL#1, 801, 43, 844, WS#1@PL#1, 0.33633596221869283, 12.579785770470597, 4.000492081502744, 8.61658774824878, 98, 25310.85299439669
PL#1, 801, 43, 844, WS#2@PL#1, 0.3015347892637167, 10.08364344191543, 3.94703856713365, 8.61658774824878, 98, 2876.1176638637944
PL#1, 801, 43, 844, WS#3@PL#1, 0.3122106381135956, 9.991162144225445, 4.004226711348423, 8.61658774824878, 98, 1591.7164655883912
PL#1, 801, 43, 844, WS#4@PL#1, 0.2539368282211385, 11.796810915678801, 4.0448214788271235, 8.61658774824878, 98, 1849.698165490075
PL#1, 801, 43, 844, WS#5@PL#1, 0.33519541349418147, 12.914427734060277, 4.037444547527496, 8.61658774824878, 98, 1248.8353386341296
PL#1, 801, 43, 844, WS#6@PL#1, 0.29238287687089853, 11.044876860079528, 4.072379725393372, 8.61658774824878, 98, 1311.7745729186404
PL#1, 796, 47, 843, WS#1@PL#1, 0.35427291879939093, 12.689772544293463, 3.983873335229861, 8.71503753222167, 99, 26345.991408696897
PL#1, 796, 47, 843, WS#2@PL#1, 0.3091888483282801, 9.013068643054796, 4.03584548619224, 8.71503753222167, 99, 2632.650426233916
PL#1, 796, 47, 843, WS#3@PL#1, 0.33667131311799003, 9.783789869317632, 3.953759071984465, 8.71503753222167, 99, 1950.6572466496107
PL#1, 796, 47, 843, WS#4@PL#1, 0.3942792912976195, 10.061374357547434, 3.9320975368486786, 8.71503753222167, 99, 1261.015916240001
PL#1, 796, 47, 843, WS#5@PL#1, 0.319687213282001, 9.129809367778632, 3.992561546055509, 8.71503753222167, 99, 1033.7277016560768
PL#1, 796, 47, 843, WS#6@PL#1, 0.343514837182296, 12.059985598634817, 3.998442868721944, 8.71503753222167, 99, 903.0878942516276
PL#1, 702, 33, 735, WS#1@PL#1, 0.32186584557698417, 13.009938366151319, 3.9732946723766527, 8.86233337680444, 100, 25175.182030696684
PL#1, 702, 33, 735, WS#2@PL#1, 0.27860843690803866, 10.099557798220166, 4.01753768074295, 8.86233337680444, 100, 3498.9446831647565
PL#1, 702, 33, 735, WS#3@PL#1, 0.4459126040828798, 11.123306035824413, 3.965920139104209, 8.86233337680444, 100, 2832.5081039804318
PL#1, 702, 33, 735, WS#4@PL#1, 0.35695571140257226, 11.237148473922861, 4.01822398139815, 8.86233337680444, 100, 1950.1423621592414
PL#1, 702, 33, 735, WS#5@PL#1, 0.3505533566300774, 12.267108228060877, 4.107930186721107, 8.86233337680444, 100, 2462.7581139605845
PL#1, 702, 33, 735, WS#6@PL#1, 0.3013547996195194, 13.942977738196477, 3.9859347529916804, 8.86233337680444, 100, 2088.835374673863
